w = 10000000 , sub_num = 10 , step = 10000 , all_budget = 1 , rho1 = 0.6999 , gamma = 0.0001 , beta = 0.0001 , alpha = 0.5 , q = 0.3
indices:
1,589255,814330,953434,986272
checkpoints:
1000000,410746,185671,46567,13729
Parameters in sub_window
10,10000,0,3.76163,0.6999
10,10000,0,6.86777,0.20997
10,10000,0,12.5388,0.062991
10,10000,0,22.8926,0.0188973
10,10000,0,34.6646,0.0082417
High : MAE between noise and true:
50.5764,51.0045,54.5266,62.298,65.8708,52.8611,253.698,364.565,337.869,314.035,301.034,252.716,204.951,166.095,383.318,462.274,480.828,405.188,486.748,276.374,50.501,50.0066,56.9935,49.7282,83.1455,55.022,363.076,242.062,218.399,155.19,231.471,499.962,284.103,223.515,169.162,377.316,223.998,594.723,177.15,433.658,51.8927,52.0023,53.9229,61.3708,51.3073,68.6046,171.539,247.546,145.399,192.605,330.625,189.393,343.348,301.198,233.285,221.814,556.921,202.096,590.321,520.525,49.4906,49.8691,55.3681,62.8915,60.2318,72.1715,210.461,237.946,268.784,372.264,263.926,285.307,256.065,244.156,177.998,414.259,218.223,156.459,349.601,240.982,51.8546,48.1294,56.7054,54.8648,61.0237,59.9346,271.46,413.745,178.144,236.561,159.236,321.786,140.013,253.942,168.457,233.935,299.466,298.829,375.604,569.512,51.0576,51.6361,57.197,48.1915,60.6145,58.9424,316.869,153.249,338.528,170.265,273.002,154.317,443.888,349.343,294.987,191.94,306.459,374.312,542.425,545.8,50.9086,52.8362,54.1818,58.457,56.2519,57.8845,254.854,318.846,480.545,193.38,112.345,268.03,270.877,286.699,268.299,427.944,235.619,470.934,339.082,382.019,50.2646,53.9873,45.6901,53.7556,57.7489,55.5669,333.67,508.644,209.138,466.392,327.344,222.629,257.142,381.15,444.524,254.908,224.416,826.187,670.988,554.372,49.4849,51.8952,49.1763,53.09,54.7406,56.8795,184.017,325.486,126.173,237.693,273.309,245.003,298.978,360.084,318.139,302.164,321.788,347.061,318.275,380.47,51.7465,53.4083,53.9156,55.9463,82.2246,59.6427,244.727,298.566,277.469,396.298,153.024,275.156,215.605,187.337,284.116,332.385,222.699,211.216,437.891,591.147,50.3334,49.8918,50.9812,53.1373,54.7741,54.2831,247.409,258.666,193.499,287.713,132.023,257.913,437.955,146.347,109.497,389.002,291.656,271.641,565.884,468.879,52.6561,54.6459,55.5233,51.0037,51.644,61.8795,223.115,265.057,364.59,309.857,190.056,266.602,230.395,281.962,217.989,244.751,497.475,427.481,461.527,273.834,51.0868,49.5325,52.5959,47.4974,62.0421,49.6283,175.623,236.854,341.106,405.599,406.28,164.405,236.573,288.155,316.539,550.046,483.004,381.748,364.067,917.894,50.8254,50.5461,57.1147,54.8158,57.6766,57.7338,205.682,197.493,191.294,285.624,140.868,243.06,223.066,255.214,359.484,819.76,573.622,458.989,578.821,898.745,49.4354,49.2414,50.4616,57.5134,68.3001,86.0961,281.479,250.481,318.46,141.657,428.691,136.266,432.268,428.763,281.986,515.102,593.757,301.233,458.343,567.996,50.5502,53.8428,61.2599,58.4426,59.7675,64.2929,259.775,269.107,243.935,270.633,503.841,336.018,133.917,192.555,215.984,541.612,207.694,430.539,650.565,381.12,49.595,47.1961,52.8327,53.1585,71.1516,62.9274,224.906,222.538,362.183,193.915,288.375,463.153,202.194,276.619,247.383,246.588,327.898,415.648,224.926,463.104,51.111,49.6888,52.089,48.8728,61.0778,65.3152,224.85,243.298,471.046,298.771,114.95,136.946,396.917,637.539,288.087,292.488,201.226,205.936,372.227,342.865,51.4908,54.5854,48.9487,56.4518,51.8059,66.2573,296.87,260.005,130.633,237.564,143.323,434.387,372.884,164.647,275.925,573.443,558.038,238.52,641.113,278.519,51.2309,45.0613,45.9342,59.9304,51.7323,53.9781,452.026,314.479,186.025,165.802,128.429,249.5,430.906,317.021,203.02,291.709,448.008,318,1044.07,458.683
Middle : MAE between noise and true:
51.6944,50.2926,52.6199,52.2267,53.3297,52.873,56.9553,56.2557,54.9528,54.0906,57.34,57.5477,55.552,54.9691,54.7645,65.0143,64.741,66.2325,78.7029,77.343,50.8949,50.7156,50.8545,49.6937,50.1472,50.4303,56.3949,55.8056,55.7729,56.1001,55.8623,56.0274,55.0934,54.9781,55.1192,64.1381,64.4959,66.5039,79.5759,79.3815,50.8506,51.5884,51.8388,50.7453,50.4762,51.1076,53.1559,53.6528,54.5795,53.7799,54.5055,54.3953,54.4086,55.6403,56.1047,64.4748,64.752,64.1348,79.6365,79.3587,50.6354,50.6422,49.5126,49.1943,49.488,48.8578,55.1473,56.4551,56.046,55.4918,57.3467,56.8039,55.9706,55.8465,55.6678,64.7318,65.0577,65.1038,81.8301,80.2061,49.7589,50.4975,51.6161,51.6063,51.225,50.7924,57.0722,57.082,55.4648,56.2702,53.4491,53.6106,57.0463,54.666,55.0739,64.4708,64.4842,65.2413,81.3838,80.3136,49.5432,50.462,51.7265,51.8842,51.7225,51.1403,57.404,56.4563,57.5542,55.7583,57.8726,57.6414,57.5837,56.9388,57.1413,66.2873,67.4364,64.5048,81.453,79.7998,50.5561,48.8801,48.9233,51.3971,51.2195,51.9099,57.9343,58.0208,58.1369,58.1719,56.4386,56.2826,55.9478,55.4274,55.983,63.8989,64.7516,63.6666,77.5888,77.4937,50.4782,50.7007,51.2144,50.0876,49.0036,51.4067,55.1727,55.4667,55.5349,55.8453,55.659,55.9062,56.0721,56.1084,55.7604,65.7069,66.0945,65.8408,81.5733,83.4654,52.5463,48.5373,47.7282,48.1032,47.4756,47.6812,53.0644,52.9542,52.7738,53.2751,53.841,55.076,53.9673,53.8958,53.7643,62.7523,63.0788,63.4058,78.7908,78.4508,48.0636,48.1565,48.1782,48.2088,48.382,47.9491,53.1838,53.9622,53.9366,54.4051,53.7832,53.8572,53.8074,54.277,54.7267,62.1331,64.4872,64.0344,78.6114,78.9997,48.9542,48.4329,48.1992,47.6498,48.7703,48.6592,53.5154,53.6958,53.7675,52.9361,54.6049,54.5235,54.2249,55.3072,54.4427,63.2184,62.8471,64.7318,77.3387,76.6394,50.563,50.4176,50.1006,49.6238,50.8818,50.5973,54.8292,55.3321,54.3247,55.1779,55.3331,55.5468,56.3744,56.6337,56.0898,63.2122,62.1043,64.5856,79.6808,80.169,49.7538,49.0308,49.6009,49.6592,49.5521,48.4259,53.7173,53.9364,55.1315,54.9896,55.3752,57.5979,55.936,56.8941,54.6212,62.8995,63.5616,64.6265,81.5628,81.8216,50.9225,49.7548,50.5428,49.8765,49.9468,50.4001,55.1133,54.1989,56.002,54.7785,53.2988,53.3966,53.6143,53.9672,55.3218,61.7061,61.5533,64.2666,79.2027,79.7706,49.3206,49.9025,49.3013,49.3765,49.2069,50.4423,56.1211,56.6804,55.5091,56.1884,55.5659,55.4505,55.8417,55.7689,56.4812,65.4334,63.9321,63.106,77.1561,77.4188,49.0617,47.7361,48.5579,51.2699,50.9689,50.6878,56.1657,57.446,57.829,58.7691,58.4113,55.6457,55.591,55.1831,56.1775,63.3515,63.2073,63.8461,86.6023,84.9532,48.7599,50.0738,50.2758,51.2699,51.4235,50.3845,56.0485,55.0206,55.5761,55.9619,55.3515,55.6237,55.8694,56.3852,56.3521,66.1707,63.1656,63.1952,80.013,80.0261,49.1745,48.8701,48.7464,48.7749,48.7616,49.1744,54.3994,54.2739,53.3966,52.2997,52.7816,54.7867,54.7118,55.2824,54.8937,63.9269,62.6201,64.3183,80.2016,80.6396,49.5444,49.3369,49.613,49.6709,49.4971,50.2098,54.3051,53.2606,55.1045,54.3544,53.8053,53.496,54.2682,53.8587,55.7092,66.125,65.2605,61.5781,80.7788,80.2821,50.1108,50.6456,51.8309,52.296,52.38,53.0692,58.7758,58.0196,57.2798,59.7327,58.9333,55.9939,60.705,59.126,57.9175,68.7244,66.3157,64.3258,76.9264,78.9927
Low : MAE between noise and true:
46.6932,48.0439,52.1499,51.9195,51.9195,51.9787,56.7111,56.932,56.2961,55.0517,54.9042,53.9549,54.3715,53.8105,54.7988,62.6735,65.9704,65.4659,82.9052,86.5473,51.4561,51.9696,51.6229,51.4412,52.6395,53.4226,58.3951,58.6316,58.335,56.5771,57.3613,56.4281,57.021,58.5911,57.7963,63.9404,63.9923,68.0772,78.7721,77.4805,50.1725,51.1991,51.0116,51.0627,51.2198,51.4908,56.1399,56.3489,56.0879,56.0391,55.7171,55.0216,54.0334,56.3536,58.1298,67.0252,65.5791,65.3807,81.0705,81.8603,50.6627,50.5612,50.7638,50.7173,50.9838,51.5107,56.4405,57.1571,57.0094,57.0372,56.9086,56.7358,56.6687,56.2126,55.9387,64.5679,64.7306,64.1151,79.7185,81.9572,50.5961,50.5961,50.7852,50.8675,50.4498,49.6367,54.5821,55.2616,56.0656,56.1185,55.7028,55.7028,55.7028,55.7028,55.7028,65.3379,66.2071,65.8297,82.5791,81.5743,51.2277,51.2341,50.864,51.0372,51.3288,51.3665,55.6849,56.1184,56.1645,55.2744,56.05,55.6477,56.0959,55.6574,55.275,63.0302,64.939,64.4649,80.1031,80.8777,51.8108,52.424,52.458,50.4255,51.2561,50.6652,55.5788,55.3573,56.0321,55.9795,55.5742,55.9208,57.5458,58.5316,57.6409,66.2869,66.9,66.2065,80.4565,80.0273,49.9323,49.5391,50.3652,50.945,51.659,52.015,56.8626,56.8346,57.4302,57.3352,58.2262,57.8492,58.1515,58.5129,58.4045,63.6239,63.9372,62.6652,83.3643,85.6203,51.5413,51.3881,51.6176,51.3329,51.2779,50.1462,53.0068,52.2701,52.2701,52.7487,52.1564,53.1697,53.1661,53.6383,53.5415,64.0793,65.1262,65.1968,79.6658,79.7004,51.8087,51.8936,52.6057,52.1478,51.6646,49.2087,53.8584,54.3829,54.5803,53.584,53.5432,53.8044,53.7236,55.1247,55.1252,63.8267,63.655,63.5733,78.9934,78.2606,51.1359,51.112,51.2556,51.758,50.9456,50.7331,55.5415,54.136,55.186,56.7994,57.4955,57.0194,56.8102,57.7387,57.5819,64.6649,65.1695,64.7244,80.8149,79.964,49.6272,49.4009,49.8767,50.1486,50.3911,50.4233,55.3958,55.6664,55.5615,55.7264,55.7911,56.1031,55.8977,55.4956,55.7594,66.5295,67.2625,68.723,81.3804,80.7903,51.02,50.6475,52.0689,51.7525,51.7745,51.4643,55.4021,54.9494,55.2345,55.1116,55.1592,54.8659,54.6216,54.8884,55.4505,62.6885,63.7828,64.2682,74.4658,73.9652,48.6148,49.11,49.6458,49.6097,50.8408,50.814,56.9711,57.2621,57.1276,57.5546,56.357,55.6812,56.5698,55.8362,55.5907,63.2853,63.9741,64.4983,80.1929,81.853,49.3133,50.0859,49.5312,49.8333,50.1883,50.5164,55.1235,56.2571,57.1873,57.5653,57.7437,58.2874,57.9157,57.5312,57.6797,64.5545,64.3969,64.4411,82.4099,82.5569,51.7959,52.214,51.8297,53.3893,53.1248,52.3811,56.399,56.2913,55.2,56.0542,55.4351,55.8427,56.3463,56.3662,56.4881,63.8412,63.878,64.4462,85.2132,83.9431,51.2259,50.7308,50.526,50.2784,50.4579,50.2493,54.2306,56.4179,57.7127,58.3243,58.8243,59.2057,59.3004,59.5283,59.0213,68.0031,63.3559,62.766,78.0476,77.4451,49.6878,49.6583,49.4865,50.9086,52.3729,52.5316,57.9015,57.5941,57.878,57.317,57.4626,57.767,56.761,56.2744,56.2744,66.1869,64.8659,65.561,82.9127,82.2513,51.65,51.2884,51.5736,51.7436,52.1566,51.0245,56.1079,54.3547,55.3105,54.8327,55.3648,55.5491,55.809,57.3027,57.7684,68.1165,68.2196,68.3172,82.3123,80.1024,49.2849,49.139,49.5694,50.1489,50.1052,50.131,54.9766,56.2236,58.2066,57.0468,55.2457,55.4909,55.7776,55.3255,55.1756,64.2163,64.6668,66.3949,81.8397,82.1048
sum : MAE between noise and true:
49.6547,49.7803,53.0988,55.4814,57.04,52.571,122.455,159.251,149.706,141.059,137.759,121.406,104.958,91.6249,164.294,196.654,203.847,178.962,216.119,146.755,50.9507,50.8973,53.157,50.2877,61.9774,52.9583,159.289,118.833,110.836,89.289,114.898,204.139,132.072,112.361,94.0258,168.465,117.495,243.101,111.833,196.84,50.9719,51.5966,52.2578,54.3929,51.0011,57.0677,93.6117,119.183,85.3554,100.808,146.949,99.6032,150.597,137.731,115.84,117.771,229.084,110.537,250.343,227.248,50.2629,50.3575,51.8815,54.2677,53.5679,57.5134,107.35,117.186,127.28,161.598,126.06,132.949,122.901,118.738,96.5347,181.186,116.004,95.2259,170.383,134.382,50.7366,49.741,53.0356,52.4462,54.2329,53.4545,127.705,175.363,96.558,116.317,89.4628,143.7,84.2541,121.437,93.0778,121.248,143.386,143.3,179.856,243.8,50.6095,51.1107,53.2625,50.371,54.5553,53.8164,143.319,88.6078,150.749,93.7659,128.975,89.2021,185.856,153.98,135.801,107.086,146.278,167.761,234.66,235.493,51.0918,51.3801,51.8544,53.4265,52.9092,53.4865,122.789,144.075,198.238,102.511,74.7858,126.744,128.123,133.553,127.308,186.043,122.424,200.269,165.709,179.847,50.225,51.409,49.0899,51.596,52.8038,52.9962,148.568,206.982,107.368,193.191,147.076,112.128,123.789,165.257,186.23,128.08,118.149,318.231,278.642,241.153,51.1908,50.6069,49.5074,50.842,51.1647,51.569,96.6959,143.57,77.0724,114.572,126.435,117.749,135.37,155.873,141.815,142.999,149.998,158.555,158.91,179.54,50.5396,51.1528,51.5665,52.1009,60.757,52.2668,117.256,135.637,128.662,168.096,86.7833,127.606,107.712,98.913,131.323,152.782,116.947,112.941,198.499,249.469,50.1412,49.8122,50.1453,50.8484,51.4967,51.2251,118.822,122.166,100.818,132.483,81.3745,123.152,182.997,86.4644,73.8404,172.295,139.891,133.699,241.346,208.494,50.9488,51.4881,51.8335,50.2587,50.9723,54.3,111.113,125.352,158.159,140.254,100.394,126.084,114.222,131.364,109.946,124.831,208.947,186.93,207.529,144.931,50.6202,49.7369,51.4219,49.6364,54.4562,49.8395,94.9141,115.247,150.491,171.9,172.272,92.2897,115.71,133.312,142.203,225.211,203.449,170.214,173.365,357.894,50.1209,49.8036,52.4344,51.434,52.8214,52.9827,105.922,102.985,101.475,132.652,83.508,117.379,111.083,121.672,156.799,314.917,233.05,195.918,246.072,353.456,49.3564,49.7433,49.7647,52.2411,55.8984,62.3516,130.908,121.14,143.719,85.137,180.667,83.3346,182.008,180.688,132.049,215.03,240.695,142.927,205.97,242.657,50.4693,51.2643,53.8825,54.3673,54.6204,55.7873,124.113,127.615,118.988,128.486,205.896,149.169,81.9514,101.368,109.55,222.935,111.593,186.277,274.127,183.339,49.8603,49.3336,51.2115,51.5689,57.6777,54.5204,111.728,111.326,158.491,102.734,134.183,192.661,105.788,130.844,120.919,126.921,151.473,180.536,127.662,206.858,49.9911,49.4057,50.1073,49.5188,54.0708,55.6738,112.384,118.389,194.107,136.129,75.0646,83.1666,169.463,249.698,133.085,140.867,109.571,111.938,178.447,168.585,50.8951,51.7369,50.0451,52.6221,51.1532,55.8306,135.761,122.54,80.3493,115.584,84.1644,181.144,160.987,91.9361,129.801,235.895,230.506,122.805,268.068,146.301,50.2088,48.282,49.1115,54.1251,51.4058,52.3928,188.593,142.907,100.504,94.1938,80.8694,120.328,182.463,143.824,105.371,141.55,192.997,149.574,400.946,206.594
High:MAE between noise and cm:
50.5764,50.4445,50.2718,50.6356,49.4329,51.3798,246.318,374.865,339.169,324.595,296.094,236.056,227.791,134.175,370.291,510.094,449.788,462.983,453.488,243.794,159.583,113.892,145.928,155.363,261.881,126.834,457.774,357.488,399.568,204.276,246.691,586.004,354.358,316.395,198.631,379.816,261.159,708.695,344.072,511.86,282.694,80.0169,198.01,206.058,181.133,214.762,176.882,309.462,230.742,319.884,506.547,359.89,470.282,377.938,388.751,386.882,717.66,268.188,659.559,602.973,207.756,199.276,418.94,383.992,272.17,488.723,299.041,388.943,429.328,711.407,464.627,391.249,551.574,467.59,363.959,598.175,326.459,203.724,475.836,411.007,411.654,129.243,533.777,207,381.006,397.327,811.779,685.741,348.731,789.758,445.222,535.389,398.259,829.62,802.551,416.677,747.715,715.212,819.111,1076.75,252.505,404.512,846.536,560.571,621.472,361.567,808.305,264.027,780.266,513.523,1060.7,358.518,959.842,667.635,677.435,311.805,605.808,694.872,796.715,1317.9,5233.46,712.358,335.685,256.673,223.072,388.871,608.901,699.303,1412.82,631.634,5080.94,762.117,715.198,721.159,502.715,698.783,455.05,1048.6,560.703,528.12,530.181,347.286,426.488,521.191,438.342,664.335,780.25,943.789,758.133,1345.55,537.688,467.978,573.396,1034.8,783.57,534.286,402.094,1668.19,6112.35,1064.17,454.892,373.337,485.03,624.524,730.045,746.968,441.765,863.748,259.736,626.084,474.907,585.464,975.298,751.269,1510.14,606.394,423.591,901.357,509.565,794.996,118.926,564.013,544.253,471.507,579.671,303.571,742.025,596.821,1269.14,629.703,341.673,588.835,649.068,375.959,616.895,5711.56,599.279,268.859,888.845,953.884,425.435,229.043,256.907,716.958,610.876,278.491,723.014,532.19,366.062,574.939,485.031,968.773,1148.89,387.753,191.178,569.133,1404.87,353.951,699.36,1035.92,893.561,524.753,485.365,683.284,428.355,565.508,956.482,660.444,609.466,535.798,397.161,933.281,668.708,566.195,483.498,772.374,750.394,784.602,1000.34,647.627,492.632,245.705,254.953,431.928,395.111,600.211,695.815,510.817,770.992,649.484,1386.9,509.019,637.693,824.972,884.883,1236.26,679.449,476.663,1131.72,1411.75,694.372,601.649,886.536,661.264,758.199,530.597,713.517,592.358,660.393,925.865,211.775,547.676,584.485,426.114,692.577,1336.55,1162.33,822.99,959.48,1299.55,499.016,676.452,651.945,678.689,761.595,1068.31,737.949,630.444,1076.04,541.103,700.731,348.061,887.428,699.588,1049.93,529.156,1415.91,804.435,658.077,1416.55,542.308,627.218,683.066,849.066,574.062,494.2,603.874,771.942,644.707,579.851,1322.29,1163.5,308.443,471.663,333.007,842.658,483.511,796.844,1153.48,593.378,506.7,1360.79,1045.56,870.663,1113.28,659.358,827.104,811.031,821.215,586.111,1004.01,749.825,275.897,439.582,473.482,564.074,935.918,807.429,905.983,713.239,304.642,435.131,431.23,681.907,883.823,1108.06,584.47,448.771,1070.76,1455.54,154.787,610.707,1296.71,1112.85,1170.34,678.507,653.641,533.029,1283.86,914.769,570.221,824.801,593.125,310.943,757.254,1029.74,781.314,1118.85,602.626,779.973,678.643,1012.12,885.084,969.944,577.542,1380.65,1235.55,930.878,948.855,644.492,386.061,1060.48,1064.37,1029.94,1037.42,1319.72,1250.38,527.844,1042.05,1048.21,826.88,964.955,993.381,1483.46,705.508,1075.69,449.146,669.975,1631.94,946.911
Middle:MAE between noise and cm:
51.6944,50.3126,52.2999,51.8867,53.0497,52.413,56.7353,55.7357,54.3928,53.1906,56.22,56.5677,54.932,54.5291,54.5245,64.8543,64.641,65.9125,78.2829,76.643,50.1549,49.9756,50.0945,49.0937,49.1672,49.5503,55.3749,55.0456,54.9529,54.9401,54.6423,54.9674,53.9934,53.7781,53.9192,63.1781,63.4159,65.1039,78.6959,78.4415,49.9906,50.8084,51.6788,49.4053,49.1562,49.9476,51.9359,52.7128,53.9395,52.9199,53.3055,53.3553,74.3286,76.0603,54.9047,63.4948,63.252,83.9948,99.1165,98.6387,70.4754,70.8422,49.2326,48.7743,48.688,48.0178,54.4273,55.5951,54.766,53.7718,55.0267,54.8039,54.0706,74.6465,74.3678,83.3318,83.3977,83.6638,79.3101,77.9061,47.2989,47.8375,49.2561,49.2463,49.225,49.1724,56.0922,56.322,54.0848,55.1702,52.6291,52.3906,55.7663,54.226,54.0339,64.8108,65.0642,67.9813,82.5438,82.4936,50.8032,64.702,50.0065,56.1042,50.5425,51.9403,58.544,57.3963,58.7142,56.6983,59.9326,60.0614,59.3437,58.7788,59.0813,67.9073,69.4364,65.2648,82.333,104.66,73.6761,64.8201,64.7433,57.9571,57.8395,58.4699,64.4343,85.7808,65.2169,86.1919,61.0986,61.0826,62.4278,62.0074,63.143,71.5989,66.4316,65.7066,81.0688,80.9137,54.0182,54.1007,54.7144,54.1876,51.0636,53.5467,60.5727,57.6467,57.6349,60.5453,60.399,59.0862,59.4721,58.7084,58.7804,68.9669,68.8545,68.5408,83.7933,86.3454,54.6063,66.5573,77.2082,79.5632,77.4956,61.5012,66.3444,65.9742,65.6138,66.2751,67.481,68.016,93.7273,86.1158,53.7843,64.3723,65.0188,66.4458,81.5908,81.4908,51.2636,51.5365,51.3782,51.4288,50.902,47.0491,51.7838,68.1422,67.4766,58.8251,53.3832,54.2372,55.4674,56.237,56.3467,63.8731,70.1872,90.9544,105.651,105.94,74.7342,76.4129,71.5392,71.8098,47.9903,46.6592,51.8554,52.4158,57.3475,55.1761,60.8649,62.9035,59.8849,59.6872,58.6027,67.0784,69.7471,71.8918,84.5587,82.4394,54.463,54.6376,68.4806,68.0638,81.8618,80.6373,105.789,116.512,112.185,98.9979,78.9331,78.5668,86.6744,86.3737,86.3698,84.6922,83.9043,108.246,144.761,145.369,55.3338,305.511,305.681,306.879,308.272,306.206,317.157,63.0564,297.992,63.6096,63.6152,67.4579,63.696,311.894,61.8412,128.899,128.182,67.8865,127.943,136.442,54.2825,52.2548,58.2628,58.4365,120.687,120.72,63.5533,123.519,126.242,61.3385,60.0588,121.357,164.354,163.527,59.0618,64.5061,64.7333,172.367,186.843,86.5706,55.3206,60.4225,63.0413,59.2965,120.787,101.582,107.001,107.38,106.789,105.408,101.626,101.95,104.362,105.649,105.721,70.8534,129.932,127.966,78.1761,77.4988,92.1417,92.1961,92.8579,98.3499,54.3889,53.4478,60.3257,58.346,58.689,60.4491,61.2713,106.546,63.411,60.8431,62.0375,67.5515,66.7673,66.5261,87.4823,85.9932,57.2599,59.2338,64.7558,62.9299,67.2435,63.7645,69.6885,67.4406,69.9761,67.4619,69.9715,71.7237,73.1894,73.5652,73.2321,83.1107,126.006,133.475,150.513,150.486,119.415,119.31,68.8464,61.7149,61.5216,62.5544,67.7594,67.5339,67.0166,65.8997,66.4216,72.6867,72.1118,63.7024,65.9137,71.2069,74.7601,82.2783,94.9816,91.8396,64.6844,63.2369,63.273,62.5909,59.5571,58.0098,63.2651,59.7006,61.2445,59.6144,55.5253,57.036,54.9882,56.1187,60.5092,70.945,72.0005,70.5181,92.6188,86.5021,58.4108,54.4656,107.911,108.176,67.12,112.309,118.016,116.86,54.6998,60.4527,59.1533,56.5739,60.465,58.326,58.6975,69.1044,67.0157,62.4058,74.6264,77.2127
Low : MAE between noise and cm:
46.6932,47.5239,51.1499,50.9195,50.9195,50.9787,55.7111,55.932,55.2961,54.0517,53.9042,53.0349,53.4515,52.8905,53.8788,61.7535,64.9704,64.4859,81.9252,85.6073,50.5161,51.0896,50.7429,50.5612,51.7595,52.5226,57.4551,57.7116,57.375,55.6171,56.4013,55.4481,56.021,57.6511,56.8563,63.0004,63.0123,67.0772,77.7721,76.4805,49.1725,50.1991,50.0116,50.0627,50.2398,50.5508,55.1999,55.4089,55.1479,55.0991,54.7771,54.0816,53.0934,55.8536,57.6498,66.3052,64.6191,64.4207,80.1305,80.9203,49.7027,49.6012,49.7838,49.7373,50.0438,50.5707,55.5205,56.2371,56.1494,56.1772,56.2286,56.0558,55.9687,55.5126,55.2387,63.7479,63.8506,63.1951,78.7785,81.3572,50.0961,50.0961,50.2852,50.3275,49.8698,49.0167,54.2221,54.8816,55.5056,55.5385,55.1228,55.1228,55.1228,55.1228,55.1228,64.3979,65.3071,64.9697,81.6591,80.6543,50.3077,50.4741,50.204,50.3772,50.7688,50.7265,55.0649,55.4984,55.6445,54.7344,55.47,55.0477,55.5159,54.9974,54.635,62.3702,64.259,63.7849,79.4231,80.2377,51.1308,51.704,51.658,50.0855,50.8561,50.3052,55.1988,54.6973,55.3121,55.1995,54.7942,55.1408,56.8658,57.8116,56.9409,65.5869,66.2,65.6865,79.9365,79.3673,49.2723,48.8591,49.6452,50.185,50.959,51.295,56.1626,56.1746,56.7702,56.7952,57.9462,57.6492,57.9515,58.3529,58.3045,63.5439,63.6372,62.3452,82.8843,85.1603,50.9413,50.7281,50.8776,50.6129,50.5579,49.8062,52.7268,51.9501,51.9501,52.4287,51.8564,52.8097,52.6861,52.9983,52.8615,63.3593,64.4262,64.6368,79.5258,79.6004,51.8087,52.1336,52.8857,52.5878,52.1446,49.3887,53.5384,53.9429,54.0003,52.924,52.8632,53.0644,53.0036,54.3847,54.3652,63.0867,62.835,62.7333,78.1134,77.3806,50.2759,50.272,50.3556,50.878,50.1256,50.1531,55.0215,53.596,54.826,56.3194,56.9955,56.4194,56.1102,56.9387,56.8019,64.0449,64.4295,63.9844,80.0749,79.224,49.0072,48.8009,49.2767,49.6086,49.8511,49.7633,54.7758,55.3664,55.3215,55.4464,55.5311,55.8431,55.0577,54.5156,54.7794,65.5495,66.2825,67.803,80.7404,80.3503,50.58,50.3875,51.6889,51.4925,51.5545,51.2643,55.2021,54.7094,54.9145,54.6716,54.6792,54.3659,53.8816,54.0284,54.6105,61.8885,63.1428,63.6082,73.9058,73.5652,48.2748,48.77,49.3258,49.2097,50.3408,50.374,56.5311,57.5021,57.4076,57.4546,56.357,55.3212,55.8298,55.1562,54.9107,62.6053,63.3741,63.7383,79.5129,81.093,48.5333,49.8059,49.3512,49.5933,49.8283,50.2164,54.3835,55.4771,56.2873,56.6653,56.8037,57.3474,56.9957,56.6112,57.1197,64.7545,64.5769,64.6211,82.5899,82.7369,52.1559,52.254,51.6897,53.3693,52.6048,51.5811,55.819,55.6313,54.5,55.3542,54.7951,55.2027,55.6863,55.6662,55.7081,63.1612,63.258,63.8462,84.5332,83.2631,50.5259,50.0508,50.306,50.1984,49.7979,49.7493,53.7906,56.0179,57.1727,57.7243,58.2243,58.6257,58.6004,58.8683,58.2213,67.2231,62.4359,61.826,77.1076,76.4851,48.7078,48.6983,48.5265,50.4886,52.5929,52.7516,58.1415,57.8141,58.078,57.517,57.1826,57.447,56.441,55.9544,55.9544,65.8669,64.2659,64.901,82.2527,81.8913,51.25,50.8684,51.2136,51.4236,51.8566,51.0845,56.1279,53.3747,54.5705,53.9727,54.5048,54.7091,54.989,56.5227,57.2884,67.5365,67.6396,67.7772,81.7523,79.1424,48.5449,48.399,48.8494,49.4289,49.3852,49.471,54.3366,55.4436,57.4866,56.1668,54.3257,54.8109,55.5176,55.0655,54.9756,63.9763,64.3868,66.0749,81.3197,81.6048
sum :MAE between noise and cm:
49.6547,49.427,51.2405,51.1473,51.134,51.5905,119.588,162.178,149.619,143.946,135.406,115.219,112.058,80.5316,159.565,212.234,193.133,197.794,204.565,135.348,86.7515,71.6523,82.255,85.0061,120.936,76.3024,190.201,156.748,170.632,104.944,119.245,232.14,154.791,142.608,103.135,168.665,129.196,280.292,166.847,222.261,127.286,60.3415,99.9,101.842,93.5097,105.087,94.6725,139.195,113.277,142.634,204.877,155.776,199.235,169.951,167.102,172.227,281.844,138.868,279.602,260.844,109.312,106.573,172.652,160.835,123.634,195.771,136.33,166.925,180.081,273.785,191.961,167.37,220.538,199.25,164.522,248.418,157.903,116.861,211.308,190.09,169.683,75.7255,211.106,102.191,160.034,165.172,307.364,265.648,152.774,300.156,184.325,214.301,169.716,312.99,303.903,181.962,292.696,282.721,327.771,413.299,117.872,173.229,315.582,222.351,240.928,154.745,307.305,125.641,298.208,208.319,392.034,157.876,358.234,260.47,263.717,147.361,246.501,274.641,319.49,500.932,1786.09,276.294,150.695,121.572,110.589,165.882,242.845,279.927,511.116,257.675,1732.28,292.78,278.164,280.326,207.6,278.656,195.894,393.333,240.57,229.467,211.157,150.082,176.949,208.521,180.121,256.392,298.995,352.537,290.846,487.632,218.678,194.904,230.273,383.953,300.218,222.266,178.195,599.692,2093.01,411.892,186.813,163.541,204.372,251.567,286.033,286.092,186.945,327.224,125.767,248.263,198.081,235.43,373.904,296.794,538.929,244.709,184.345,344.146,223.561,318.696,73.9995,222.561,216.172,191.841,227.572,133.336,282.449,239.635,463.538,247.151,149.306,232.046,252.513,162.194,242.535,1946.17,244.1,140.849,357.537,379.068,183.482,118.576,126.267,279.882,236.331,125.101,276.63,212.734,159.412,228.811,200.964,362.698,421.629,168.126,102.194,233.419,513.016,163.276,287.998,399.193,332.344,209.397,201.041,266.985,186.689,231.97,372.349,277.441,258.991,230.081,177.208,355.897,270.147,235.695,208.216,307.539,300.194,320.217,408.615,291.115,199.515,200.534,204.108,263.433,251.646,319.227,356.058,209.528,374.633,255.922,501.732,210.281,251.757,396.965,333.778,475.683,290.258,202.719,444.524,540.585,265.643,234.225,331.375,256.303,309.742,233.897,277.867,257.793,281.347,348.219,109.397,241.451,268.223,214.933,268.85,487.886,430.146,353.032,408.612,489.07,200.957,262.227,254.779,262.526,310.737,406.701,299.778,264.434,413.039,234.392,286.387,169.119,349.595,287.283,404.258,221.588,536.808,332.341,272.948,525.595,228.868,257.223,275.871,333.595,227.019,199.743,240.006,295.307,252.632,231.885,479.451,441.748,142.513,196.057,150.251,324.457,204.512,309.072,441.831,254.211,204.829,490.024,386.875,327.93,410.109,257.624,316.861,311.497,316.121,237.099,377.401,293.391,135.896,190.672,201.645,238.136,374.787,334.244,377.868,313.403,157.588,201.046,182.868,264.704,332.646,407.788,236.79,191.373,398.62,526.317,92.7971,246.947,475.087,410.837,430.737,271.86,264.222,226.736,487.032,362.833,228.719,312.969,235.871,141.653,289.556,379.611,300.236,410.64,239.48,297.853,262.891,374.623,331.687,360.862,231.78,506.378,458.396,356.391,374.409,270.046,164.339,387.78,407.043,395.847,384.643,493.835,474.245,233.382,384.746,388.275,313.453,358.78,369.788,532.285,273.06,402.925,193.516,266.152,595.961,368.576
High : MAE between cm and true:
0,3.12,17.14,16.26,27.38,15.66,24.38,23.3,33.46,55.4,68.38,45.54,55.64,68.32,143.52,60.94,61.44,119.78,128.9,96.02,129.04,81.66,122.44,119.9,280.24,102.7,165.94,222.7,232.64,116.64,88.82,168.8,159.1,182.92,111.96,75.3,166.96,130.64,266.36,311.56,260.06,46.58,165.9,178.22,166.26,206.98,95.76,83.64,179.36,177.16,245.86,232.34,303.76,177.4,197.84,366.12,217.64,179.38,171.62,114.84,173.64,166.52,400.74,378.36,256.18,500.6,106.78,201.38,326.26,428.96,250.38,249.42,401.96,318.94,255.26,244.36,139.86,89.74,194.64,273.26,386.68,97.28,510.68,181.36,369.3,395.46,612.28,358.04,192.66,874.46,366.92,233.22,356.72,722.1,706.98,203.22,573.62,497.74,470.02,549.72,215.52,372.9,814.08,529.64,586.92,326.66,540.72,183.94,521.74,403.04,887.82,253.44,564.9,370.26,491.48,183.84,423.72,353.54,428.42,948.62,5202.88,686.24,305.84,212.9,207.9,350.36,470.34,461.28,1055.56,597.06,4991.5,615.46,604.9,514.72,276.24,323.84,293.98,646.78,326.38,316.54,495.52,323.92,397.34,493.02,414.02,645.26,533.7,542.26,584.12,1016.42,251.64,304.18,358.06,672.4,487.3,401.34,207.8,1150.1,5723.48,718.68,428.16,349.86,459.02,597.52,708.26,713.08,317.94,587.52,188.36,473.38,266.28,433.76,807.44,465.24,1284.56,412.04,261.32,642.56,252.88,534.28,94.46,532.94,527.74,451.5,554.32,281.48,599.14,446.46,1163.54,328.52,274.58,389.84,531.68,365.58,388.42,5485.82,466.46,113.6,570.42,531.42,406.12,208.04,224.94,692.42,585.36,262.04,517.78,417.12,272.56,434.28,464.66,795.86,866.96,314.02,141.4,232.56,1293.48,306.22,286.56,879.06,876.7,495.12,477.42,656.48,410.14,561.84,951.34,582.56,361.72,278.6,344.72,782.92,655.6,329.52,411.76,635.78,497.24,566.4,648.62,455.56,473.7,223.86,239.1,428.82,397.4,587.72,651.04,413.56,623.98,407.82,1216.58,489.56,652.18,875.36,717.84,1067.22,321.18,268.88,1004.22,728.32,685.02,598.78,878.3,659.38,755.68,531.28,654.44,515.8,594.96,769.06,174.68,414.12,503.04,371.54,629.1,685.68,1192.58,539.3,466.48,531.54,481.26,659.58,631.94,665.16,751.36,1095.9,632.22,621.46,1030.62,559.68,486.1,348,624.6,447.54,949.28,484.22,965.58,698.38,434.52,1120.22,528.56,627.04,693.32,847.72,587.4,516.5,675.12,871.96,645.92,510.16,1158.98,1231.08,256.02,437.02,207.16,634.94,417.72,940.46,792.14,462.82,505.3,1365.86,1065.22,873.76,1143.92,665,786.06,685.9,868.22,535.78,1066.74,620.22,275.9,354.46,537,515.94,843.18,730.88,896.52,398.78,308.8,411.28,440.06,678.08,894.78,1128.58,674.36,427.34,1116.86,1462.86,189.8,580.44,1324.38,1262.74,1379.7,793,564.9,537.86,1130.4,678.62,576.94,824.26,600.16,319.74,751.74,1043.82,601.74,1190.22,583,854.72,626.24,748.46,771.94,928.38,709.92,1557.16,936.32,979.66,915.46,550.18,381.44,1043.08,1064.22,1034.2,1044.8,1331.14,1197.96,442.66,981.44,988.88,820.1,1084.22,1042.52,1617.02,662.88,971,448.64,580.9,1716.34,941.2
Middle : MAE between cm and true:
0,0.1,0.44,0.46,0.64,0.74,0.62,0.84,0.84,0.98,1.44,1.46,1.42,1.28,1.2,1.24,0.98,1.12,1.1,1.18,1.14,1.18,1.2,1.16,1.46,1.44,1.58,1.44,1.5,1.6,1.66,1.54,1.58,1.6,1.68,1.52,1.64,1.56,1.2,1.22,1.14,1.18,1.76,2.06,2.04,1.96,2.3,2.58,2.4,2.3,2.32,2.24,23.16,23.5,2.32,2.38,1.94,23.22,23.68,24.44,24,24.16,2.48,2.66,2.44,3,3.36,3.26,3.68,3.6,2.8,2.56,2.74,23.56,23.58,23.68,23.94,23.76,3.12,2.9,2.94,3.1,2.88,2.88,3.12,3.58,3.62,3.48,2.98,2.82,5.66,5.26,4.12,2.88,2.68,5.02,5.46,7.7,7.44,7.78,7.94,19.96,2.44,10.22,2.58,4.52,4.34,3.98,4.6,3.9,4.1,4.58,4.56,4.2,3.78,3.94,3.6,2.72,2.6,26.3,24.8,17.1,16.7,7.64,7.62,7.72,7.7,28.44,7.88,28.9,6.5,6.64,8.28,8.38,11.04,11.02,4.72,4.04,5.4,5.38,5.3,5.56,6.1,4.58,2.62,3.42,6.4,3.34,3.26,5.98,6.02,4.34,4.52,3.44,3.74,3.82,3.32,3.26,3.02,4.12,3.3,20.82,33.28,35.26,33.62,18.5,18.48,18.66,18.44,18.76,18.48,17.86,44.48,37.14,4.34,4.14,3.86,4.8,4.52,4.64,4.8,4.98,4.8,4.9,4.4,4.58,5,20.38,19.5,10.18,5.64,6.98,7.9,7.36,7.38,6.58,7.14,28.2,28.08,27.98,27.06,29.42,25.62,26,4.22,3.6,3.9,4.36,8.98,7.12,7.66,10.1,8.78,7.62,7.64,7.46,10.14,9.24,8.06,7.84,7.02,7.3,21.26,21.16,32.7,31.76,52.64,63.1,62.58,49.06,28.44,27.58,35.38,35.02,35.2,26.36,26.52,45.58,70.08,70.44,9.7,259.92,259.68,260.82,261.68,260.7,265.64,11.44,245.22,12.02,11.76,16.22,13.92,261.8,14.02,72.36,71.02,9.9,51.42,58.86,9.24,9.42,13.44,13.68,75.3,74.88,13.32,74.08,74.44,12.84,11.2,72.08,115.02,114.8,8.62,7.64,7.7,112.34,111.52,11,10.92,15.12,18.26,15.84,76.62,55.38,54.88,55.06,55.4,54.22,52.62,52.22,54.48,54.72,54.84,9.9,72.12,71.14,7.26,8.08,48.96,49.82,49.94,53.8,10.18,10.28,11.32,7.14,7.7,8.6,9.14,56.82,13.18,10.9,11.26,10.32,10.04,10.48,8.88,9.08,16.14,16.12,19.84,18.34,22.06,19.22,20.04,17.7,19.92,17.78,20.9,22.42,23,23.06,23.44,23.3,68.76,76.68,76.62,76.62,76.72,76.56,25.7,18.22,18.24,18.86,18.88,18.5,18.22,18.4,18.28,21.9,21.68,13.34,14.94,11.88,16.22,22.64,18.78,15.48,19.1,18.22,16.58,16.24,14.82,14.68,15.24,14.4,11.7,10.94,8.32,9.46,7.8,7.66,10.36,10.14,11.54,14.66,16.76,12.74,14.18,7.66,60.04,60,18.62,63.48,63.48,63.52,2.9,4.68,2.3,3.74,1.68,2.92,1.74,2.1,3.42,3.6,3.7,3.34
Low : MAE between cm and true:
0,0.52,1,1,1,1,1,1,1,1,1,0.92,0.92,0.92,0.92,0.92,1,0.98,0.98,0.98,0.98,1,1,1,1,1.02,1.02,1,0.96,0.96,0.96,0.98,1,0.98,0.98,0.98,0.98,1,1,1,1,1,1,1,0.98,0.94,0.94,0.94,0.94,0.94,0.94,0.94,0.94,0.78,0.76,0.84,0.96,0.96,0.94,0.94,0.96,0.96,0.98,0.98,0.94,0.94,0.92,0.92,0.9,0.9,0.92,0.92,0.94,0.94,0.94,0.94,0.92,0.92,0.94,0.68,0.58,0.58,0.58,0.62,0.66,0.74,0.68,0.66,0.76,0.78,0.78,0.78,0.78,0.78,0.78,0.94,0.94,0.94,0.96,0.96,0.96,1,0.98,0.94,0.92,0.96,0.94,0.94,0.92,0.9,0.9,0.92,0.94,0.94,1,0.98,0.96,0.96,0.96,0.96,0.92,0.92,0.92,0.9,0.88,0.96,0.98,1.02,1.04,1.02,1.02,1.02,1,0.92,0.9,0.9,0.9,0.96,0.96,0.86,0.86,0.88,0.88,0.88,1.02,1.04,1.06,1.06,1.06,1.3,1.4,1.52,1.52,1.52,1.5,1.52,1.06,1.04,0.92,0.94,0.88,0.9,0.9,0.88,0.88,0.62,0.56,0.6,0.6,0.64,0.62,0.64,0.68,0.72,0.76,0.92,0.94,1.04,1.42,1.42,1.52,1.72,1.72,1.88,1.92,1.7,1.32,1.28,1.14,1.02,0.92,0.9,0.92,0.94,0.96,0.94,0.94,0.96,0.92,0.92,0.9,0.88,0.9,0.92,0.94,1.1,1.08,1.1,1.16,0.84,0.9,0.8,0.82,0.88,0.86,0.94,1.06,1.02,1.02,1.02,1.02,1,1.04,1.06,1.06,1.02,1.02,1.14,1.16,1.16,1.14,1.14,0.84,0.98,0.98,0.98,0.98,0.96,0.84,0.76,0.76,0.9,0.98,1.1,1.1,1.08,1.08,1.08,1.04,1,1,1.02,0.98,0.94,0.96,1,1,1.02,0.92,1.04,1.06,1.06,1.08,1.08,1.06,1.08,1.08,1.68,1.72,1.54,1.52,1.16,0.9,0.88,0.88,0.88,0.84,0.88,1,1.04,1.06,1.4,1.42,1.4,1.36,1.34,1.02,1.02,0.98,0.98,0.98,0.98,0.96,0.96,1.08,1.52,1.54,1.54,1.54,1.54,1.68,1.48,1.22,1.38,1.24,1,1.18,1.1,0.98,0.98,1,1,0.82,0.82,0.86,0.88,0.9,0.88,0.88,0.88,0.9,0.88,1.22,1.32,0.78,0.86,0.92,1.12,1.06,1.08,1.08,1.1,1.06,1.06,1,0.98,0.96,0.94,0.94,0.96,0.98,0.96,0.96,1.22,1.78,1.78,1.76,1.78,1.8,1.8,1.56,1.52,1.52,1.52,1.52,1.52,0.96,0.98,0.98,0.84,0.84,0.82,0.84,0.84,0.82,0.62,0.62,0.98,1.02,0.98,0.98,0.96,0.94,0.9,1.12,1.1,1.1,1.1,1.12,1,1.14,1.14,1.12,1.12,1.08,1.1,1.08,0.98,1.04,1,0.96,1.12,1.22,1.22,1.24,1.24,1.24,1.24,1.12,1.1
sum : MAE between cm and true:
0,1.24667,6.19333,5.90667,9.67333,5.8,8.66667,8.38,11.7667,19.1267,23.6067,15.9733,19.3267,23.5067,48.5467,21.0333,21.14,40.6267,43.66,32.7267,43.72,27.9467,41.5467,40.6867,94.2333,35.0533,56.18,75.0467,78.3667,39.7333,30.48,57.1067,53.8933,61.8333,38.2067,25.9333,56.5267,44.4,89.52,104.593,87.4,16.2533,56.22,60.4267,56.4267,69.96,33,29.0533,60.9,60.1333,83.04,78.5067,109.287,67.2267,66.9733,123.113,73.5133,67.8533,65.4133,46.74,66.2,63.88,134.733,127.333,86.52,168.18,37.02,68.52,110.28,144.487,84.7,84.3,135.213,114.48,93.26,89.66,54.9067,38.14,66.2333,92.28,130.067,33.6533,171.38,61.62,124.36,133.26,205.527,120.727,65.4667,292.687,124.453,79.7533,120.54,241.92,236.813,69.7267,193.34,168.793,159.473,186.153,74.8067,131.287,272.5,180.267,196.807,110.713,182,62.9533,175.753,135.947,297.607,86.3133,190.133,125.133,165.42,62.92,142.76,119.073,143.993,325.293,1742.87,234.753,107.82,73.8133,72.1333,119.68,159.673,163.58,354.827,208.993,1666.34,207.707,204.727,174.673,96.06,111.92,99.8667,217.26,110.913,107.593,167.227,110.12,134.773,166.16,139.22,216.573,180.387,182.22,196.147,341.233,86.3533,103.347,121.367,225.787,164.18,135.56,70.7267,384.8,1909.14,241.247,144.113,123.86,164.4,211.22,247.587,244.067,112.327,202.26,69.1333,164.26,95.1267,150.753,284.2,167.7,429.887,139.033,88.7067,216.133,86.2733,180.113,33.5933,179.88,178.087,152.76,186.88,95.92,201.82,156.04,394.727,113.24,93.7133,132.573,180.167,124.627,132.253,1831.11,158.18,47.5867,199.807,186.773,144.693,79.4467,83.82,239.78,196.84,88.9133,174.253,140.86,94.2333,147.413,157.74,268.92,292.187,107.507,49.9667,80.32,434.893,105.493,98.5467,295.973,294.913,167.807,166.573,226.233,147.967,198.207,335,215.6,141.82,109.607,124.767,270.547,230.607,121.84,149.313,221.04,174.913,204.313,239.847,175.587,161.387,161.56,166.587,230.247,220.06,283.167,305.92,142.027,290.08,140.28,409.78,168.933,222.36,379.367,244.273,380.193,131.067,93.2667,352.187,262.74,231.773,203.087,297.607,224.713,277.347,202.413,222.947,197.187,223.707,261.147,62.4667,162.453,206.32,162.407,212.867,231.4,400.373,217.507,193,181.193,164.413,225.367,217.207,227.467,276.447,384.207,229.373,225.847,362.333,204.96,179.9,133.733,226.68,167.74,335.067,165.213,346.413,257.02,147.773,376.613,193.067,226.113,248.16,300.967,199.607,175.927,229.207,293.4,218.2,173.247,389.707,429.633,90.0067,149.58,73.0933,215.38,142.887,317.273,267.3,157.593,174.113,460.953,362.093,297.807,388.92,228.36,269.007,234.907,296.4,184.88,362.907,214.58,99.9867,126.193,187.147,180.073,304.3,269.5,324.693,158.787,128.833,162.933,155.573,232.507,304.933,383.073,231.667,149.207,378.96,494.353,69.88,201.287,449.193,425.867,465.387,268.8,194.027,187.16,383.387,231.647,198.96,281.1,205.86,112.273,255.793,353.04,205.867,401.867,198.573,288.88,211.847,252.96,260.227,312.313,240.467,522.8,316.32,331.807,311.113,187.973,132.253,350.627,375.127,365.107,354.833,465.24,420.84,169.053,328.46,331.52,274.453,363.027,348.473,540.387,221.953,324.78,151.1,195.247,573.72,315.213
High : MRE between noise and true:
0.241444,0.282536,0.267453,0.218865,0.29069,0.267901,0.35426,0.300488,0.321855,0.325131,0.369332,0.303097,0.268477,0.374391,0.341703,0.419453,0.410639,0.407418,0.701262,0.660959,0.264377,0.315338,0.267239,0.293533,0.171647,0.259459,0.428748,0.325664,0.3803,0.363546,0.417803,0.320851,0.294253,0.313974,0.381395,0.442423,0.316411,0.419273,0.750636,0.674233,0.312766,0.407971,0.301468,0.333427,0.19692,0.255452,0.29019,0.383224,0.396185,0.432067,0.321567,0.315193,0.463392,0.423605,0.459215,0.522939,0.611045,0.472805,0.526022,0.497274,0.418049,0.308777,0.333456,0.319526,0.395867,0.297872,0.390547,0.451314,0.484733,0.330729,0.434561,0.378984,0.386074,0.375687,0.422902,0.400149,0.602908,0.592875,0.743134,0.405457,0.354743,0.332287,0.278085,0.313759,0.262225,0.191968,0.415657,0.306401,0.420813,0.441008,0.453615,0.359139,0.476274,0.425904,0.348849,0.689174,0.365375,0.30588,0.576735,0.509077,0.375622,0.352827,0.302078,0.377836,0.282172,0.296016,0.425628,0.398446,0.361908,0.481308,0.356033,0.421599,0.389041,0.447196,0.393241,0.473064,0.413718,0.411069,0.651462,0.505774,0.320219,0.401317,0.271442,0.410047,0.3666,0.480352,0.49233,0.392978,0.388221,0.3267,0.466605,0.547871,0.456252,0.488486,0.461312,0.445589,0.573799,0.364613,0.60275,0.776008,0.230155,0.341097,0.298669,0.318815,0.292751,0.20565,0.452058,0.371874,0.43284,0.40838,0.358611,0.388815,0.424728,0.405401,0.345874,0.632618,0.430515,0.353225,0.563583,0.520723,0.270808,0.349789,0.242098,0.282885,0.306041,0.287688,0.457222,0.387118,0.42865,0.376596,0.326483,0.380771,0.38827,0.296187,0.385397,0.521931,0.480798,0.525871,0.657214,0.606474,0.390978,0.246179,0.260581,0.256385,0.370353,0.372411,0.506284,0.236519,0.319922,0.381268,0.365846,0.381002,0.441733,0.431321,0.350749,0.628513,0.494418,0.610908,0.535755,0.595252,0.322809,0.317994,0.446469,0.286557,0.293201,0.386979,0.387354,0.286311,0.370354,0.3834,0.397527,0.324429,0.406172,0.441523,0.407713,0.585025,0.393747,0.501811,0.499016,0.61436,0.257086,0.237868,0.328836,0.289923,0.294879,0.359271,0.357868,0.404595,0.434115,0.329368,0.321888,0.44993,0.390209,0.293533,0.414808,0.572968,0.367684,0.389907,0.40633,0.431132,0.182041,0.302109,0.235609,0.182239,0.251672,0.18057,0.316945,0.249786,0.265901,0.218357,0.218323,0.303252,0.278806,0.309862,0.248401,0.346954,0.364712,0.326935,0.344894,0.452035,0.219259,0.175086,0.243364,0.100904,0.172681,0.197876,0.228772,0.277656,0.301665,0.301888,0.329088,0.305431,0.232157,0.366616,0.31106,0.297703,0.284489,0.290472,0.510975,0.458646,0.259389,0.207665,0.235133,0.251105,0.254154,0.197923,0.30281,0.345189,0.323823,0.29512,0.346733,0.251466,0.386688,0.378963,0.352639,0.306368,0.296208,0.360565,0.47764,0.393309,0.238359,0.212066,0.193764,0.255946,0.236717,0.18717,0.31996,0.386649,0.324646,0.344142,0.306223,0.290197,0.404607,0.323784,0.356007,0.303333,0.306733,0.473059,0.465627,0.383305,0.198683,0.130732,0.20078,0.161804,0.170849,0.227304,0.23794,0.364625,0.379925,0.338217,0.340847,0.274459,0.343196,0.380643,0.343938,0.417843,0.349013,0.41863,0.504736,0.569707,0.206351,0.224829,0.249883,0.241217,0.288909,0.249666,0.38166,0.422946,0.29544,0.344493,0.36825,0.362807,0.371044,0.240368,0.28641,0.394062,0.475459,0.377586,0.378559,0.589104,0.29257,0.22746,0.246843,0.307296,0.222634,0.178143,0.358066,0.353038,0.299484,0.394026,0.288813,0.375268,0.363557,0.360263,0.34338,0.244757,0.413301,0.44575,0.418482,0.548612,0.254007,0.345725,0.302418,0.270497,0.278865,0.181031,0.31411,0.382749,0.390492,0.343175,0.58474,0.518262,0.412785,0.383936,0.442345,0.633464,0.517336,0.48426,0.79971,0.736421
Middle : MRE between noise and true:
4.30787,4.19105,4.38499,4.35223,4.44414,4.36019,4.64038,4.48988,4.29563,4.16082,4.41077,4.42674,4.27323,4.2284,4.21266,5.0011,4.98008,5.09481,6.05407,5.94946,3.915,3.9012,3.91189,3.8226,3.85748,3.87925,4.33807,4.29274,4.29022,4.31539,4.2971,4.3098,4.23795,4.24882,4.23994,5.00835,5.00433,5.67827,7.29202,7.27792,4.6702,4.85813,4.88317,4.44991,4.41933,4.47495,4.46202,4.49881,4.60439,4.51754,4.54212,4.53294,4.53405,4.63669,4.67539,5.3729,5.396,5.34457,6.48007,6.32632,4.06666,4.06598,4.12605,4.09402,4.11849,4.02826,4.45274,4.53522,4.4174,4.33924,4.41129,4.36953,4.28142,4.27709,4.26335,4.9291,4.92292,4.92988,6.15606,6.15216,3.80497,3.83192,3.97047,3.96972,3.94039,3.90711,4.39017,4.39092,4.26653,4.32848,4.1929,4.20392,4.66687,4.54941,4.57707,5.33037,5.20041,5.22701,6.506,6.35374,3.97048,4.13328,4.29742,4.28527,4.31021,4.45619,5.01522,4.93092,4.90229,4.77006,5.1932,5.1046,5.05901,5.05155,5.10943,5.90095,6.05775,5.86407,7.40482,7.25453,4.59601,4.81884,4.89233,5.13971,5.12195,5.19099,5.79343,5.80208,5.81369,5.81719,5.64386,5.62826,5.59478,5.54274,5.8303,6.695,7.06501,6.97694,8.43948,8.42891,5.55768,5.49375,5.47386,5.56528,5.44484,5.71186,6.1303,6.16297,6.17055,6.20503,6.18433,6.2118,6.23023,6.23427,6.1956,7.30077,7.34383,7.31565,9.0637,9.27394,5.83848,5.39304,5.30314,5.3448,5.27507,5.29791,5.89605,5.8838,5.86376,5.93288,6.05333,6.27669,6.12573,6.06258,5.97381,6.97248,7.00876,7.04509,8.75453,8.71675,5.3404,5.35072,5.35314,5.35653,5.37578,5.32767,5.92635,6.1381,6.11105,6.26096,6.11661,6.23007,6.25902,6.36779,6.33402,6.90368,7.16525,7.11494,8.7346,8.77774,5.43936,5.38143,5.35547,5.29443,5.50029,5.43464,5.99737,6.01224,6.00197,6.3279,6.82561,6.78587,6.64827,6.74947,6.59874,7.65296,7.69829,7.98838,9.65727,9.46785,6.15608,6.1379,6.13761,6.09235,6.36023,6.32467,6.85366,6.91651,6.56616,6.59686,6.21923,6.27922,6.4873,6.51964,6.39402,7.02358,6.96615,7.10179,6.93975,6.91596,4.17119,4.0859,4.13341,4.13826,4.12934,4.0355,4.47644,4.4778,4.56003,4.52844,4.5822,4.53628,4.45986,4.51423,4.31653,4.90703,4.92684,5.08868,6.56881,6.66363,3.96539,3.87221,3.88791,3.83665,3.84206,3.87693,4.23949,4.16914,4.30785,4.22061,4.28364,4.30604,4.36867,4.36242,4.3517,4.89963,4.88197,5.09306,6.33855,6.50939,4.03306,4.15854,4.10845,4.11471,4.08666,4.11441,4.56951,4.56278,4.42258,4.45512,4.29554,4.30032,4.36161,4.38533,4.44013,5.23829,5.17555,5.0702,6.05459,5.97687,3.77398,3.67201,3.73522,4.01256,4.04082,4.00942,4.45802,4.60981,4.60291,4.67196,4.6409,4.28044,4.27623,4.24485,4.32135,4.87319,4.8621,4.86355,6.41415,6.2251,3.56914,3.64209,3.59786,3.63952,3.68475,3.60933,4.06236,4.08889,4.14392,4.15431,4.08332,4.09099,4.06718,4.05796,4.08504,4.79872,4.66528,4.75965,6.0352,6.05149,3.71098,3.71262,3.72929,3.75191,3.75089,3.78265,4.18457,4.17492,4.10108,3.99209,4.04885,4.21437,4.2086,4.26668,4.25096,5.01159,4.89345,5.01734,6.16935,6.20304,3.81111,3.79515,3.81639,3.82084,3.80747,3.86229,4.17731,4.23297,4.59204,4.52954,4.48377,4.458,4.52235,4.48822,4.51087,5.37885,5.21375,4.78581,6.27458,6.32203,3.92984,3.89582,3.93803,3.97833,4.00059,3.99811,4.43175,4.33447,4.09142,4.59482,5.35757,5.59939,6.0705,5.79128,5.79175,6.84732,6.63157,6.43258,7.70634,7.89927
Low : MRE between noise and true:
46.6932,48.0439,52.1499,51.9195,51.9195,51.9787,56.7111,56.932,56.2961,55.0517,54.9042,53.9549,54.3715,53.8105,54.7988,62.6735,65.9704,65.4659,82.9052,86.5473,51.4561,51.9696,51.6229,51.4412,52.6395,53.4226,58.3951,58.6316,58.335,56.5771,57.3613,56.4281,57.021,58.5911,57.7963,63.9404,63.9923,68.0772,78.7721,77.4805,50.1725,51.1991,51.0116,51.0627,51.2198,51.4908,56.1399,56.3489,56.0879,56.0391,55.7171,55.0216,54.0334,56.3536,58.1298,67.0252,65.5791,65.3807,81.0705,81.8603,50.6627,50.5612,50.7638,50.7173,50.9838,51.5107,56.4405,57.1571,57.0094,57.0372,56.9086,56.7358,56.6687,56.2126,55.9387,64.5679,64.7306,64.1151,79.7185,81.9572,50.5961,50.5961,50.7852,50.8675,50.4498,49.6367,54.5821,55.2616,56.0656,56.1185,55.7028,55.7028,55.7028,55.7028,55.7028,65.3379,66.2071,65.8297,82.5791,81.5743,51.2277,51.2341,50.864,51.0372,51.3288,51.3665,55.6849,56.1184,56.1645,55.2744,56.05,55.6477,56.0959,55.6574,55.275,63.0302,64.939,64.4649,80.1031,80.8777,51.8108,52.424,52.458,50.4255,51.2561,50.6652,55.5788,55.3573,56.0321,55.9795,55.5742,55.9208,57.5458,58.5316,57.6409,66.2869,66.9,66.2065,80.4565,80.0273,49.9323,49.5391,50.3652,50.945,51.659,52.015,56.8626,56.8346,57.4302,57.3352,58.2262,57.8492,58.1515,58.5129,58.4045,63.6239,63.9372,62.6652,83.3643,85.6203,51.5413,51.3881,51.6176,51.3329,51.2779,50.1462,53.0068,52.2701,52.2701,52.7487,52.1564,53.1697,53.1661,53.6383,53.5415,64.0793,65.1262,65.1968,79.6658,79.7004,51.8087,51.8936,52.6057,52.1478,51.6646,49.2087,53.8584,54.3829,54.5803,53.584,53.5432,53.8044,53.7236,55.1247,55.1252,63.8267,63.655,63.5733,78.9934,78.2606,51.1359,51.112,51.2556,51.758,50.9456,50.7331,55.5415,54.136,55.186,56.7994,57.4955,57.0194,56.8102,57.7387,57.5819,64.6649,65.1695,64.7244,80.8149,79.964,49.6272,49.4009,49.8767,50.1486,50.3911,50.4233,55.3958,55.6664,55.5615,55.7264,55.7911,56.1031,55.8977,55.4956,55.7594,66.5295,67.2625,68.723,81.3804,80.7903,51.02,50.6475,52.0689,51.7525,51.7745,51.4643,55.4021,54.9494,55.2345,55.1116,55.1592,54.8659,54.6216,54.8884,55.4505,62.6885,63.7828,64.2682,74.4658,73.9652,48.6148,49.11,49.6458,49.6097,50.8408,50.814,56.9711,57.2621,57.1276,57.5546,56.357,55.6812,56.5698,55.8362,55.5907,63.2853,63.9741,64.4983,80.1929,81.853,49.3133,50.0859,49.5312,49.8333,50.1883,50.5164,55.1235,56.2571,57.1873,57.5653,57.7437,58.2874,57.9157,57.5312,57.6797,64.5545,64.3969,64.4411,82.4099,82.5569,51.7959,52.214,51.8297,53.3893,53.1248,52.3811,56.399,56.2913,55.2,56.0542,55.4351,55.8427,56.3463,56.3662,56.4881,63.8412,63.878,64.4462,85.2132,83.9431,51.2259,50.7308,50.526,50.2784,50.4579,50.2493,54.2306,56.4179,57.7127,58.3243,58.8243,59.2057,59.3004,59.5283,59.0213,68.0031,63.3559,62.766,78.0476,77.4451,49.6878,49.6583,49.4865,50.9086,52.3729,52.5316,57.9015,57.5941,57.878,57.317,57.4626,57.767,56.761,56.2744,56.2744,66.1869,64.8659,65.561,82.9127,82.2513,51.65,51.2884,51.5736,51.7436,52.1566,51.0245,56.1079,54.3547,55.3105,54.8327,55.3648,55.5491,55.809,57.3027,57.7684,68.1165,68.2196,68.3172,82.3123,80.1024,49.2849,49.139,49.5694,50.1489,50.1052,50.131,54.9766,56.2236,58.2066,57.0468,55.2457,55.4909,55.7776,55.3255,55.1756,64.2163,64.6668,66.3949,81.8397,82.1048
sum : MRE between noise and true:
17.0808,17.5058,18.9341,18.8302,18.8848,18.8689,20.5686,20.5741,20.3045,19.8459,19.8948,19.5616,19.6377,19.4711,19.7844,22.698,23.787,23.656,29.8868,31.0526,18.5451,18.7287,18.6007,18.5191,18.8895,19.1871,21.054,21.0833,21.0018,20.4187,20.6921,20.3529,20.5177,21.0513,20.8059,23.1304,23.1043,24.7249,28.9383,28.4776,18.3851,18.8217,18.7321,18.6153,18.612,18.7404,20.2974,20.4103,20.3628,20.3296,20.1936,19.9566,19.6769,20.4713,21.0881,24.307,23.862,23.7327,29.3589,29.5613,18.3825,18.312,18.4078,18.3769,18.4994,18.6123,20.4279,20.7145,20.6372,20.5691,20.5848,20.4948,20.4454,20.2885,20.2083,23.2991,23.4188,23.2126,28.8726,29.5049,18.2519,18.2534,18.3446,18.3837,18.2175,17.9119,19.796,19.9863,20.251,20.296,20.1164,20.0886,20.282,20.226,20.2096,23.7858,23.9243,23.7875,29.8873,29.479,18.5246,18.5734,18.4878,18.5668,18.6404,18.7062,20.3753,20.4826,20.4762,20.1753,20.5331,20.3913,20.5147,20.3854,20.2592,23.1348,23.8035,23.58,29.3865,29.546,18.909,19.2147,19.2072,18.6584,18.9149,18.7788,20.6215,20.5174,20.7447,20.7078,20.5615,20.699,21.199,21.5209,21.3108,24.4758,24.8463,24.516,29.8329,29.7441,18.5734,18.458,18.7126,18.943,19.1322,19.3108,21.1483,21.1232,21.3445,21.3162,21.5897,21.4833,21.6021,21.7175,21.6487,23.8524,23.9038,23.4447,30.9972,31.805,19.2169,19.0436,19.0543,18.9868,18.953,18.5773,19.7867,19.5137,19.5208,19.6861,19.5121,19.9424,19.8934,19.999,19.9669,23.8579,24.2052,24.2559,29.6925,29.6745,19.18,19.1635,19.4065,19.2536,19.1369,18.3029,20.097,20.2525,20.3371,20.0754,20.0086,20.1385,20.1414,20.6413,20.6033,23.7863,23.7715,23.7664,29.4213,29.2112,18.966,18.9371,19.0192,19.113,18.913,18.8516,20.6421,20.1448,20.5195,21.1702,21.5729,21.3766,21.2882,21.6432,21.5294,24.301,24.4205,24.4049,30.3237,30.0154,18.6801,18.5922,18.781,18.8436,19.0154,19.0357,20.8691,20.9958,20.8539,20.8842,20.7774,20.9441,20.9251,20.7696,20.8561,24.7087,24.8654,25.4049,29.5755,29.3791,18.4578,18.3452,18.8126,18.691,18.7185,18.5601,20.0652,19.8923,20.0202,19.9528,19.9866,19.9018,19.7868,19.9042,20.0051,22.6475,23.0248,23.2279,27.1265,27.0269,17.5998,17.7191,17.9257,17.8491,18.2852,18.2963,20.4798,20.5696,20.579,20.6924,20.3232,20.0976,20.3902,20.1884,20.0845,22.8275,23.0469,23.2939,29.0141,29.607,17.8686,18.1507,17.9583,18.0664,18.1764,18.2762,19.9986,20.3884,20.6446,20.7718,20.7953,20.9464,20.888,20.7652,20.8241,23.3664,23.2896,23.2906,29.6474,29.6423,18.6028,18.6994,18.5862,19.2193,19.1341,18.8592,20.3923,20.4293,20.0425,20.3568,20.1274,20.1378,20.3424,20.3116,20.3885,23.0059,23.0156,23.2609,30.6977,30.1838,18.3313,18.1679,18.1082,18.0266,18.1045,18.0286,19.5103,20.2905,20.7455,20.9389,21.0828,21.1904,21.2369,21.3223,21.1501,24.4065,22.7901,22.6481,28.1958,28.0221,17.8684,17.8653,17.8219,18.3006,18.8042,18.8546,20.8226,20.7306,20.7582,20.5512,20.6266,20.7814,20.4469,20.2605,20.2706,23.8642,23.4116,23.652,29.8202,29.6811,18.5846,18.437,18.5456,18.6239,18.7289,18.355,20.2144,19.6469,20.0673,19.9188,20.0458,20.1274,20.2316,20.7171,20.8742,24.58,24.6155,24.5162,29.6684,28.991,17.8229,17.7935,17.9366,18.1326,18.1282,18.1034,19.9075,20.3136,20.8962,20.6616,20.396,20.5362,20.7536,20.5002,20.4699,23.899,23.9386,24.4373,30.1153,30.2468
High : MRE between noise and cm:
0.241444,0.281791,0.262165,0.215454,0.283925,0.266207,0.366164,0.300275,0.31456,0.328246,0.367571,0.285769,0.277074,0.37605,0.344004,0.433066,0.40488,inf,0.706665,0.66607,0.300742,0.384866,0.281905,0.300333,0.193977,0.303638,0.437151,inf,0.388405,0.397226,0.428207,0.324423,0.313315,0.341854,0.401553,0.453207,0.316429,0.431914,0.785642,inf,0.39756,0.665078,0.332922,0.367191,0.230979,0.51064,0.333767,0.396026,0.682472,0.446278,0.410387,0.357231,inf,0.513701,0.493254,0.572966,0.619818,inf,0.565512,0.54661,0.684108,0.382518,0.397166,0.378696,0.538919,0.432106,inf,inf,0.501913,inf,0.674967,0.38502,0.517694,0.398884,0.584023,0.465971,0.692524,inf,0.817791,0.950572,0.854589,0.36409,0.351402,0.882912,0.488814,0.279358,1.12956,0.425133,0.661506,inf,inf,0.410933,0.763461,0.526845,0.500987,inf,0.909323,inf,inf,inf,0.460365,inf,0.540576,0.831407,0.407351,0.522834,inf,inf,inf,0.746494,inf,inf,0.490784,inf,0.478752,inf,inf,0.45897,0.660135,inf,inf,0.982346,inf,inf,inf,0.650649,inf,inf,inf,inf,inf,inf,0.524212,inf,inf,inf,inf,inf,inf,inf,0.346194,inf,inf,inf,inf,inf,inf,inf,1.10553,inf,inf,inf,inf,inf,inf,inf,inf,inf,inf,inf,inf,inf,inf,inf,inf,inf,inf,inf,inf,inf,inf,inf,inf,inf,inf,inf,inf,inf,inf,inf,inf,inf,inf,inf,inf,inf,inf,inf,inf,inf,inf,inf,inf,inf,inf,inf,inf,inf,inf,inf,inf,inf,inf,inf,inf,inf,inf,inf,inf,inf,inf,inf,inf,inf,inf,inf,inf,inf,inf,inf,0.341609,inf,inf,inf,inf,inf,inf,inf,inf,inf,inf,inf,inf,inf,inf,inf,inf,inf,inf,inf,inf,inf,inf,inf,inf,inf,inf,inf,inf,inf,inf,inf,inf,inf,inf,inf,inf,inf,inf,inf,inf,inf,inf,inf,inf,inf,inf,inf,inf,inf,inf,inf,inf,4.23887,0.48274,inf,inf,inf,inf,inf,inf,inf,inf,inf,inf,inf,inf,inf,inf,inf,inf,inf,inf,inf,inf,inf,inf,inf,inf,inf,inf,inf,inf,inf,inf,inf,inf,inf,inf,inf,inf,inf,inf,inf,inf,inf,inf,inf,inf,inf,inf,inf,inf,inf,inf,inf,inf,inf,inf,inf,inf,inf,inf,inf,inf,inf,inf,inf,inf,inf,inf,inf,inf,inf,inf,inf,inf,inf,inf,inf,inf,inf,inf,inf,inf,inf,inf,inf,inf,inf,inf,inf,inf,inf,inf,inf,inf,inf,inf,inf,inf,inf,inf,inf,inf,inf,inf,inf,inf,0.685015,inf,inf,inf,inf,inf,inf,inf,inf,inf,inf,inf,inf,inf,inf,inf,inf,inf,inf,inf,inf
Middle : MRE between noise and cm:
4.30787,4.18857,4.49043,4.46356,4.5535,4.51484,4.72231,5.5857,inf,4.41505,4.78118,4.75386,4.4961,4.40523,4.33431,5.11482,5.06798,5.27456,6.303,6.32125,4.14996,4.13325,4.15109,4.01382,4.15139,4.16,4.71534,4.56233,4.57831,4.72389,4.70245,4.66749,4.59426,4.6465,4.63479,5.39779,5.45058,6.39069,7.96787,7.99673,5.05157,5.22391,5.14622,5.03918,4.99201,4.99953,5.03099,5.01639,5.02016,4.98225,5.10301,5.03174,4.95757,5.0563,5.3301,6.04471,6.17227,5.95694,7.61636,inf,4.58541,4.51726,4.4203,4.44812,4.54922,4.60544,5.11441,5.21775,inf,5.20408,5.27696,5.10336,inf,inf,inf,inf,inf,inf,inf,inf,inf,inf,4.77948,4.77367,4.72012,4.68787,5.16359,5.08034,4.90114,4.86792,inf,inf,inf,inf,inf,inf,inf,inf,inf,inf,inf,inf,inf,inf,4.97623,inf,inf,inf,inf,5.15996,5.48532,5.14468,5.35575,5.27099,5.21212,inf,6.02703,6.19831,7.65925,6.98426,4.56006,4.70981,4.53228,4.93284,4.88962,5.00269,5.57358,5.31886,5.40028,5.34544,5.56749,5.52306,5.46387,5.38951,inf,inf,inf,inf,inf,inf,inf,inf,inf,4.75948,4.85263,5.4579,5.44841,5.83327,5.86519,5.80934,5.76989,5.79103,5.72204,5.58912,5.38378,6.13759,6.21614,6.22215,8.16983,9.80785,6.2291,6.88975,inf,inf,inf,inf,inf,inf,inf,inf,inf,inf,inf,inf,inf,inf,inf,7.70874,8.91874,8.75319,5.31428,5.29838,5.31926,5.37264,5.62734,inf,inf,inf,inf,inf,inf,inf,inf,inf,inf,inf,inf,inf,7.16707,7.24843,4.78171,inf,inf,inf,inf,inf,inf,inf,inf,inf,inf,inf,inf,inf,inf,inf,inf,inf,inf,inf,inf,inf,inf,inf,inf,inf,inf,inf,inf,inf,inf,inf,inf,inf,inf,inf,inf,inf,inf,inf,inf,inf,inf,inf,inf,inf,inf,inf,inf,inf,inf,inf,inf,inf,inf,inf,inf,inf,9.2656,inf,5.71568,6.11127,4.59543,4.36284,4.18894,4.22449,4.80205,4.7069,4.63607,6.71028,7.0033,inf,inf,inf,inf,inf,inf,inf,inf,inf,inf,inf,inf,inf,inf,inf,inf,inf,inf,inf,inf,inf,inf,inf,inf,inf,inf,inf,inf,inf,inf,inf,inf,inf,inf,inf,inf,inf,inf,inf,inf,inf,inf,inf,inf,inf,inf,inf,11.6601,11.8251,5.90258,5.71741,inf,inf,inf,inf,inf,inf,inf,inf,inf,inf,inf,inf,inf,inf,inf,inf,inf,inf,inf,inf,inf,inf,inf,inf,inf,inf,inf,inf,inf,inf,inf,inf,inf,inf,inf,inf,inf,inf,inf,inf,3.74701,3.87095,inf,inf,inf,inf,inf,inf,inf,8.21417,8.89395,6.0124,inf,inf,inf,inf,inf,inf,inf,inf,inf,inf,inf,inf,inf,inf,5.20522,inf,5.67975,6.71509,6.51826,inf,5.78702,inf,7.25862,inf,inf,inf
Low : MRE between noise and cm:
46.6932,inf,inf,inf,inf,inf,inf,inf,inf,inf,inf,inf,inf,inf,inf,inf,inf,inf,inf,inf,inf,inf,inf,inf,inf,inf,inf,inf,inf,inf,inf,inf,inf,inf,inf,inf,inf,inf,inf,inf,inf,inf,inf,inf,inf,inf,inf,inf,inf,inf,inf,inf,inf,inf,inf,inf,inf,inf,inf,inf,inf,inf,inf,inf,inf,inf,inf,inf,inf,inf,inf,inf,inf,inf,inf,inf,inf,inf,inf,inf,inf,inf,inf,inf,inf,inf,inf,inf,inf,inf,inf,inf,inf,inf,inf,inf,inf,inf,inf,inf,inf,inf,inf,inf,inf,inf,inf,inf,inf,inf,inf,inf,inf,inf,inf,inf,inf,inf,inf,inf,inf,inf,inf,inf,inf,inf,inf,inf,inf,inf,inf,inf,inf,inf,inf,inf,inf,inf,inf,inf,inf,inf,inf,inf,inf,inf,inf,inf,inf,inf,inf,inf,inf,inf,inf,inf,inf,inf,inf,inf,inf,inf,inf,inf,inf,inf,inf,inf,inf,inf,inf,inf,inf,inf,inf,inf,inf,inf,inf,inf,inf,inf,inf,inf,inf,inf,inf,inf,inf,inf,inf,inf,inf,inf,inf,inf,inf,inf,inf,inf,inf,inf,inf,inf,inf,inf,inf,inf,inf,inf,inf,inf,inf,inf,inf,inf,inf,inf,inf,inf,inf,inf,inf,inf,inf,inf,inf,inf,inf,inf,inf,inf,inf,inf,inf,inf,inf,inf,inf,inf,inf,inf,inf,inf,inf,inf,inf,inf,inf,inf,inf,inf,inf,inf,inf,inf,inf,inf,inf,inf,inf,inf,inf,inf,inf,inf,inf,inf,inf,inf,inf,inf,inf,inf,inf,inf,inf,inf,inf,inf,inf,inf,inf,inf,inf,inf,inf,inf,inf,inf,inf,inf,inf,inf,inf,inf,inf,inf,inf,inf,inf,inf,inf,inf,inf,inf,inf,inf,inf,inf,inf,inf,inf,inf,inf,inf,inf,inf,inf,inf,inf,inf,inf,inf,inf,inf,inf,inf,inf,inf,inf,inf,inf,inf,inf,inf,inf,inf,inf,inf,inf,inf,inf,inf,inf,inf,inf,inf,inf,inf,inf,inf,inf,inf,inf,inf,inf,inf,inf,inf,inf,inf,inf,inf,inf,inf,inf,inf,inf,inf,inf,inf,inf,inf,inf,inf,inf,inf,inf,inf,inf,inf,inf,inf,inf,inf,inf,inf,inf,inf,inf,inf,inf,inf,inf,inf,inf,inf,inf,inf
sum : MRE between noise and cm:
17.0808,inf,inf,inf,inf,inf,inf,inf,inf,inf,inf,inf,inf,inf,inf,inf,inf,inf,inf,inf,inf,inf,inf,inf,inf,inf,inf,inf,inf,inf,inf,inf,inf,inf,inf,inf,inf,inf,inf,inf,inf,inf,inf,inf,inf,inf,inf,inf,inf,inf,inf,inf,inf,inf,inf,inf,inf,inf,inf,inf,inf,inf,inf,inf,inf,inf,inf,inf,inf,inf,inf,inf,inf,inf,inf,inf,inf,inf,inf,inf,inf,inf,inf,inf,inf,inf,inf,inf,inf,inf,inf,inf,inf,inf,inf,inf,inf,inf,inf,inf,inf,inf,inf,inf,inf,inf,inf,inf,inf,inf,inf,inf,inf,inf,inf,inf,inf,inf,inf,inf,inf,inf,inf,inf,inf,inf,inf,inf,inf,inf,inf,inf,inf,inf,inf,inf,inf,inf,inf,inf,inf,inf,inf,inf,inf,inf,inf,inf,inf,inf,inf,inf,inf,inf,inf,inf,inf,inf,inf,inf,inf,inf,inf,inf,inf,inf,inf,inf,inf,inf,inf,inf,inf,inf,inf,inf,inf,inf,inf,inf,inf,inf,inf,inf,inf,inf,inf,inf,inf,inf,inf,inf,inf,inf,inf,inf,inf,inf,inf,inf,inf,inf,inf,inf,inf,inf,inf,inf,inf,inf,inf,inf,inf,inf,inf,inf,inf,inf,inf,inf,inf,inf,inf,inf,inf,inf,inf,inf,inf,inf,inf,inf,inf,inf,inf,inf,inf,inf,inf,inf,inf,inf,inf,inf,inf,inf,inf,inf,inf,inf,inf,inf,inf,inf,inf,inf,inf,inf,inf,inf,inf,inf,inf,inf,inf,inf,inf,inf,inf,inf,inf,inf,inf,inf,inf,inf,inf,inf,inf,inf,inf,inf,inf,inf,inf,inf,inf,inf,inf,inf,inf,inf,inf,inf,inf,inf,inf,inf,inf,inf,inf,inf,inf,inf,inf,inf,inf,inf,inf,inf,inf,inf,inf,inf,inf,inf,inf,inf,inf,inf,inf,inf,inf,inf,inf,inf,inf,inf,inf,inf,inf,inf,inf,inf,inf,inf,inf,inf,inf,inf,inf,inf,inf,inf,inf,inf,inf,inf,inf,inf,inf,inf,inf,inf,inf,inf,inf,inf,inf,inf,inf,inf,inf,inf,inf,inf,inf,inf,inf,inf,inf,inf,inf,inf,inf,inf,inf,inf,inf,inf,inf,inf,inf,inf,inf,inf,inf,inf,inf,inf,inf,inf,inf,inf,inf,inf,inf,inf,inf,inf
High:MRE between cm and true:
0,0.00527334,0.0125312,0.0208298,0.0181132,0.0281957,0.0287868,0.0194986,0.0210557,0.0341639,0.0356687,0.0449743,0.0299511,0.0456418,0.0399624,0.0416174,0.0780786,0.0721192,0.0649419,0.0699536,0.0538555,0.0713617,0.0628793,0.0380707,0.0512471,0.0554008,0.063554,0.128537,0.0738861,0.102515,0.0826919,0.0701873,0.059756,0.083471,0.0768799,0.0629544,0.102092,0.107576,0.108143,0.151031,0.156375,0.155441,0.0721371,0.0776687,0.0869236,0.17195,0.100914,0.0915491,0.188402,0.0904665,0.140971,0.222013,0.145481,0.13803,0.14697,0.125632,0.105311,0.132161,0.14014,0.153484,0.145648,0.173527,0.148385,0.171631,0.159494,0.223482,0.121938,0.232489,0.188788,0.177534,0.133912,0.187965,0.150817,0.127519,0.212798,0.208713,0.225692,0.159641,0.316425,0.215349,0.241611,0.132275,0.126574,0.201203,0.131503,0.2843,0.241054,0.141863,0.254296,0.194393,0.151346,0.106166,0.577423,0.189593,0.338733,0.307524,0.180882,0.265576,0.218531,0.350783,0.180758,0.280505,0.231422,0.238891,0.22637,0.153631,0.187003,0.751463,0.307406,0.33604,0.248093,0.336897,0.177878,0.575492,0.382033,0.182332,0.410909,0.217666,0.274618,0.308608,0.462425,0.298325,0.341071,0.281268,0.235447,0.471418,0.367558,0.338328,1.21934,0.311763,0.213889,0.545153,0.323354,0.637728,1.1188,0.257778,0.270917,0.209058,0.460052,0.310891,0.640917,0.565083,0.479975,0.223862,0.346895,0.25193,0.538341,0.172645,0.494485,0.618762,0.182374,0.19987,0.298686,0.268545,0.261003,0.24677,0.202193,0.59344,0.377802,0.235592,0.258594,0.257324,0.210989,0.285957,0.488433,0.308444,0.499367,0.845944,0.326903,0.334627,0.197637,0.295075,0.210802,0.340468,0.574248,0.25573,0.173029,0.690103,0.327534,0.239782,0.315289,0.314214,0.263883,0.369844,0.286674,0.910321,0.190814,0.162785,0.665209,0.449211,0.305936,0.254796,0.242177,0.395951,0.232167,0.295278,1.75937,0.25314,0.334758,0.345472,0.270071,0.55031,0.272144,0.545025,0.173821,0.288249,0.337638,0.224296,0.241897,0.337889,0.490631,0.301334,0.832938,0.378241,0.246519,0.279118,0.887012,0.186147,0.247677,0.246331,0.273932,0.144895,0.232973,0.462161,0.308855,0.621672,0.246726,0.539196,0.452119,0.21962,0.265435,0.448355,0.888389,0.261312,0.308942,1.65428,0.292113,0.366151,0.249645,0.235523,0.313413,0.300529,0.221257,0.433407,0.265115,0.218642,0.33001,1.13418,0.161084,0.190352,0.306603,0.353824,0.196444,0.206993,0.288258,0.52942,0.453052,0.300306,0.385649,0.189452,0.267818,0.252559,0.230877,0.194394,0.55124,0.228466,0.313794,0.2567,0.309529,0.547465,0.278538,0.178226,0.186763,0.181931,0.223574,0.355669,0.3652,0.295112,0.352193,0.306839,0.261703,0.745251,0.308732,0.302513,0.759778,0.26494,0.226587,0.51227,0.232043,0.338959,0.198241,0.311257,0.36725,0.240335,0.31593,0.184105,0.238407,0.224499,0.346489,0.237115,0.351724,0.258189,0.29709,3.84343,0.33213,0.234652,0.442224,0.398545,0.262866,0.771506,0.340008,0.300874,0.456296,0.290853,0.533881,0.225192,0.288556,0.490919,0.330867,0.2092,0.415157,0.48839,0.333751,0.303857,0.459209,0.23517,0.25883,0.33714,0.270851,0.280585,0.312565,0.33423,0.841768,0.346843,0.241931,0.314051,0.338419,0.760663,5.71492,0.239852,0.296068,0.284531,0.263775,0.621642,0.287283,0.441095,0.566922,0.633667,0.343402,0.452759,0.308487,0.563661,0.327107,0.392717,0.381642,0.337576,0.429202,0.291923,0.30745,0.547276,0.471588,0.244227,0.391417,0.483404,0.405025,0.252395,0.322814,1.02327,0.341705,0.950451,0.441556,0.216204,0.347417,7.06195,0.335243,0.393232,0.565895,8.26397,0.436796,0.324811,0.281383,0.400865,0.480588,0.479208,0.550124,0.273372,0.404971,0.587717,0.612831,0.700932,0.586605,0.573161,0.294947,0.488557,0.365523,0.527486,0.388279,0.430682,0.358545,0.555028
Middle:MRE between cm and true:
0,0.00833333,0.0366667,0.0383333,0.0533333,0.0608974,0.0507692,0.0662821,0.0651282,0.0753846,0.110769,0.112308,0.109231,0.0984615,0.0923077,0.0953846,0.0753846,0.0861538,0.0846154,0.0907692,0.0876923,0.0907692,0.0923077,0.0892308,0.112308,0.110769,0.121538,0.110769,0.115385,0.123077,0.127692,0.118462,0.121538,0.123205,0.129231,0.117949,0.126795,0.132576,0.109818,0.112182,0.104909,0.110727,0.168727,0.180758,0.178636,0.171818,0.192879,0.217879,0.203182,0.193485,0.193333,0.186667,1.93,1.95833,0.193333,0.198333,0.161667,1.935,1.96756,2.02487,1.99115,2.00346,0.206667,0.220897,0.202564,0.243718,0.268718,0.259615,0.289231,0.281923,0.215385,0.196923,0.209011,1.81077,1.81231,1.81846,1.83582,1.82319,0.233077,0.221538,0.223846,0.233956,0.221538,0.221538,0.24,0.275385,0.278462,0.267692,0.229231,0.216923,0.451923,0.419231,0.333718,0.238333,0.22,0.410897,0.43859,0.624359,0.598462,0.627692,0.640128,1.65013,0.2,0.797949,0.215,0.385758,0.371364,0.34,0.387273,0.329545,0.364848,0.402273,0.39803,0.368939,0.334242,0.345152,0.32,0.247273,0.236364,2.39091,2.25455,1.70164,1.67,0.764,0.762,0.772,0.77,2.844,0.788,2.89,0.65,0.664,0.828,0.838,1.11267,1.11267,0.506,0.434889,0.585778,0.583556,0.579778,0.600667,0.650889,0.508889,0.291111,0.38,0.711111,0.371111,0.362222,0.664444,0.668889,0.482222,0.502222,0.382222,0.415556,0.424444,0.368889,0.362222,0.335556,0.457778,0.366667,2.31333,3.69778,3.91778,3.73556,2.05556,2.05333,2.07333,2.04889,2.08556,2.05667,1.99,5.31667,4.39028,0.482222,0.46,0.428889,0.533333,0.502222,0.515556,0.533333,0.553333,0.533333,0.544444,0.488889,0.508889,0.556944,2.49139,2.37611,1.21972,0.647222,0.825,0.942778,0.881667,0.876111,0.731111,0.793333,3.13333,3.12,3.10889,3.00667,3.26889,2.84667,2.88889,0.473056,0.401389,0.439167,0.494167,1.00722,0.861111,0.9575,1.25833,1.08,0.933889,0.933889,0.911389,1.25,1.14361,1.005,0.968611,0.858056,0.893056,2.64,2.62861,4.0875,3.97,6.58,7.8875,7.80111,6.10083,3.44778,3.36111,4.36528,4.32333,4.33667,2.92889,2.95694,5.05356,6.33076,6.36,0.827273,21.66,21.64,21.735,21.8067,21.725,22.1367,0.951538,20.4317,0.995513,0.975385,1.29897,1.12385,20.15,1.12936,5.58013,5.46577,0.781923,4.26718,4.89244,0.72,0.73359,1.03385,1.05231,5.79231,5.76,1.02462,5.69846,5.72615,0.989103,0.915513,5.98808,9.56628,9.54577,0.683077,0.609231,0.613462,9.3341,9.27077,0.900897,0.896282,1.26,1.52167,1.32,6.38269,4.6,4.55885,4.56423,4.5891,4.48679,4.34026,4.31026,4.49833,4.52269,4.53192,0.798333,5.99128,5.90513,0.565128,0.623333,3.76615,3.83231,3.84154,4.16744,0.821923,0.829103,0.919103,0.576795,0.605256,0.678462,0.720769,4.37077,1.01385,0.838462,0.866154,0.793846,0.772308,0.802088,0.653516,0.661978,1.16868,1.16451,1.41945,1.30657,1.57769,1.37363,1.44121,1.29725,1.46824,1.3011,1.51923,1.62484,1.65989,1.65989,1.68923,1.67967,4.97978,5.61264,5.60846,5.60923,5.61626,5.60648,1.97505,1.40154,1.40308,1.45077,1.45231,1.42308,1.4,1.41088,1.40429,1.68462,1.66769,1.03115,1.16731,0.920256,1.27282,1.80487,1.44462,1.19077,1.46923,1.40154,1.27538,1.24923,1.14,1.12923,1.17231,1.15603,0.975,0.911667,0.693333,0.788333,0.65,0.638333,0.805385,0.790385,0.892051,1.13256,1.29295,0.990128,1.10103,0.589231,4.37132,4.36835,1.42813,4.63132,4.63132,4.63198,0.207143,0.36,0.209091,0.374,0.168,0.278,0.174,0.206,0.342,0.36,0.370667,0.334
Low:MRE between cm and true:
0,0.52,1,1,1,1,1,1,1,1,1,0.92,0.92,0.92,0.92,0.92,1,0.98,0.98,0.98,0.98,1,1,1,1,1.02,1.02,1,0.96,0.96,0.96,0.98,1,0.98,0.98,0.98,0.98,1,1,1,1,1,1,1,0.98,0.94,0.94,0.94,0.94,0.94,0.94,0.94,0.94,0.78,0.76,0.84,0.96,0.96,0.94,0.94,0.96,0.96,0.98,0.98,0.94,0.94,0.92,0.92,0.9,0.9,0.92,0.92,0.94,0.94,0.94,0.94,0.92,0.92,0.94,0.68,0.58,0.58,0.58,0.62,0.66,0.74,0.68,0.66,0.76,0.78,0.78,0.78,0.78,0.78,0.78,0.94,0.94,0.94,0.96,0.96,0.96,1,0.98,0.94,0.92,0.96,0.94,0.94,0.92,0.9,0.9,0.92,0.94,0.94,1,0.98,0.96,0.96,0.96,0.96,0.92,0.92,0.92,0.9,0.88,0.96,0.98,1.02,1.04,1.02,1.02,1.02,1,0.92,0.9,0.9,0.9,0.96,0.96,0.86,0.86,0.88,0.88,0.88,1.02,1.04,1.06,1.06,1.06,1.3,1.4,1.52,1.52,1.52,1.5,1.52,1.06,1.04,0.92,0.94,0.88,0.9,0.9,0.88,0.88,0.62,0.56,0.6,0.6,0.64,0.62,0.64,0.68,0.72,0.76,0.92,0.94,1.04,1.42,1.42,1.52,1.72,1.72,1.88,1.92,1.7,1.32,1.28,1.14,1.02,0.92,0.9,0.92,0.94,0.96,0.94,0.94,0.96,0.92,0.92,0.9,0.88,0.9,0.92,0.94,1.1,1.08,1.1,1.16,0.84,0.9,0.8,0.82,0.88,0.86,0.94,1.06,1.02,1.02,1.02,1.02,1,1.04,1.06,1.06,1.02,1.02,1.14,1.16,1.16,1.14,1.14,0.84,0.98,0.98,0.98,0.98,0.96,0.84,0.76,0.76,0.9,0.98,1.1,1.1,1.08,1.08,1.08,1.04,1,1,1.02,0.98,0.94,0.96,1,1,1.02,0.92,1.04,1.06,1.06,1.08,1.08,1.06,1.08,1.08,1.68,1.72,1.54,1.52,1.16,0.9,0.88,0.88,0.88,0.84,0.88,1,1.04,1.06,1.4,1.42,1.4,1.36,1.34,1.02,1.02,0.98,0.98,0.98,0.98,0.96,0.96,1.08,1.52,1.54,1.54,1.54,1.54,1.68,1.48,1.22,1.38,1.24,1,1.18,1.1,0.98,0.98,1,1,0.82,0.82,0.86,0.88,0.9,0.88,0.88,0.88,0.9,0.88,1.22,1.32,0.78,0.86,0.92,1.12,1.06,1.08,1.08,1.1,1.06,1.06,1,0.98,0.96,0.94,0.94,0.96,0.98,0.96,0.96,1.22,1.78,1.78,1.76,1.78,1.8,1.8,1.56,1.52,1.52,1.52,1.52,1.52,0.96,0.98,0.98,0.84,0.84,0.82,0.84,0.84,0.82,0.62,0.62,0.98,1.02,0.98,0.98,0.96,0.94,0.9,1.12,1.1,1.1,1.1,1.12,1,1.14,1.14,1.12,1.12,1.08,1.1,1.08,0.98,1.04,1,0.96,1.12,1.22,1.22,1.24,1.24,1.24,1.24,1.12,1.1
sum:MRE between cm and true:
0,0.177869,0.349733,0.353054,0.357149,0.363031,0.359852,0.361927,0.362061,0.369849,0.382146,0.359094,0.353061,0.354701,0.350757,0.352334,0.384488,0.379424,0.376519,0.380241,0.373849,0.387377,0.385062,0.375767,0.387852,0.39539,0.401697,0.413102,0.38309,0.395197,0.390128,0.38955,0.393765,0.395559,0.39537,0.386968,0.402962,0.413384,0.405987,0.421071,0.420428,0.422056,0.413621,0.419475,0.415187,0.427923,0.411264,0.416476,0.443861,0.407984,0.424768,0.44956,1.00516,0.958788,0.366768,0.387989,0.408993,1.00905,1.0159,1.03945,1.03227,1.04566,0.445017,0.457509,0.434019,0.469067,0.436885,0.470701,0.45934,0.453152,0.423099,0.434963,0.433276,0.959429,0.988369,0.989058,0.993839,0.967609,0.496501,0.372296,0.348486,0.31541,0.309371,0.34758,0.343834,0.433228,0.399839,0.356518,0.414509,0.397105,0.46109,0.435132,0.563714,0.402642,0.446244,0.552807,0.519824,0.609978,0.592331,0.646158,0.593629,0.976878,0.470474,0.658947,0.45379,0.499796,0.499455,0.677154,0.538226,0.521862,0.504314,0.553057,0.505303,0.628144,0.572092,0.502495,0.563636,0.47498,0.490327,1.21984,1.21232,0.973321,0.977024,0.648423,0.625816,0.734473,0.705853,1.40078,1.01578,1.40725,0.627963,0.743051,0.717118,0.798576,1.04382,0.756815,0.558972,0.534649,0.66861,0.584816,0.693565,0.681917,0.670288,0.537584,0.552669,0.55731,0.769817,0.534585,0.638902,0.861069,0.750421,0.734031,0.773636,0.723589,0.72552,0.730405,0.543694,0.665221,0.544452,0.544457,0.501753,1.15689,1.60292,1.69458,1.70133,0.994666,1.03757,1.17309,0.991931,1.02006,0.958101,0.975025,2.06916,1.81692,0.60549,0.545243,0.513973,0.754479,0.749919,0.725113,0.789541,0.862516,0.839072,0.931429,0.898521,1.03974,0.689253,1.31139,1.39377,0.896311,0.624386,0.659932,0.701652,0.739206,0.689426,0.655463,1.16423,1.44882,1.45825,1.45812,1.39225,1.5664,1.3396,1.4513,0.528959,0.596546,0.618935,0.606154,0.80304,0.679667,0.78271,0.786556,0.910979,0.73071,0.680136,0.710169,1.06567,0.783253,0.757559,0.744981,0.717329,0.679317,1.30432,1.38359,1.81879,1.87056,2.61558,3.1889,3.13774,2.49348,1.61774,1.64982,2.03122,1.85488,1.8752,1.85439,1.40969,2.12657,2.47347,2.45184,0.633562,7.62018,7.61375,7.75614,7.72393,7.67455,7.84889,1.05524,7.21092,0.728622,0.760663,0.890933,0.766764,7.099,0.792539,2.36985,2.30627,0.700743,1.85761,2.04063,0.682606,0.68205,0.781574,0.775567,2.46785,2.35616,0.806137,2.54505,2.58523,1.02552,0.904684,2.4421,3.55102,3.5359,0.59555,0.614967,0.606221,3.50307,3.54099,0.749246,0.739328,1.13508,1.08347,1.0075,2.83416,2.06831,1.93514,2.03217,1.93372,1.93525,1.8395,1.86717,1.94186,1.90768,1.97595,0.834146,2.5899,2.55654,0.817206,0.80015,1.93263,1.85683,1.78621,3.13029,0.798018,0.687918,0.847109,0.69178,0.616041,0.809989,0.686926,1.89055,0.763381,0.649771,0.753345,0.633013,0.653621,0.724336,0.621461,0.583726,0.827946,0.844299,0.991067,0.976809,0.938967,0.822932,0.873346,0.918131,0.933031,0.887228,0.970599,1.01969,1.18722,1.02224,0.977054,0.991241,2.09273,2.43777,4.08779,2.26969,2.29744,2.28367,1.06628,1.08106,1.15679,1.22395,1.25974,1.27891,1.18113,1.22121,1.09092,1.25609,1.1716,0.98129,1.02298,0.925944,0.887341,1.0256,0.910689,0.859349,0.92694,0.821922,0.835601,0.857545,0.788342,0.667208,0.70504,1.0531,0.778902,0.947373,0.704963,0.654846,0.645806,2.86676,0.753542,0.761206,0.852649,3.49884,0.949915,0.771647,0.840803,0.710032,1.99064,1.98919,1.01942,2.00156,2.03876,2.06657,0.619991,0.686977,0.585232,0.689054,0.560982,0.662186,0.593174,0.657829,0.65676,0.676894,0.616404,0.663009
