w = 10000000 , sub_num = 10 , step = 10000 , all_budget = 1 , rho1 = 0.6999 , gamma = 0.0005 , beta = 0.1 , alpha = 0.5 , q = 0.3
indices:
1,589255,814330,953434,986272
checkpoints:
1000000,410746,185671,46567,13729
Parameters in sub_window
3,2000,0,2.06887,0.6999
3,2000,0,3.77723,0.20997
3,2000,0,6.89624,0.062991
3,2000,0,12.5908,0.0188973
3,2000,0,19.0653,0.0082417
High : MAE between noise and true:
143.042,224.316,215.76,162.186,148.369,124.897,261.445,403.091,531.991,339.691,288.262,304.145,253.713,148.401,436.704,481.595,647.372,511.068,583.207,258.418,181.487,239.276,97.8904,155.392,173.757,218.195,356.101,490.575,246.498,174.416,259.255,491.502,303.214,208.563,181.372,372.774,221.309,577.994,220.632,381.574,226.659,164.95,344.728,195.304,161.529,182.352,239.197,419.851,179.458,230.759,345.87,353.8,303.005,364.013,250.672,214.422,546.989,200.727,612.718,553.747,113.679,126.184,106.739,192.841,312.383,202.169,267.576,378.794,308.207,526.611,286.664,318.85,233.745,368.848,272.473,478.613,269.386,214.845,385.025,223.709,115.634,103.891,160.944,273.501,184.438,225.662,249.359,391.939,360.403,268.112,247.466,380.172,175.791,284.695,199.397,292.079,334.461,312.502,530.651,575.75,353.129,129.126,254.11,320.458,122.357,148.713,276.43,383.414,370.447,252.257,418.347,154.22,489.144,393.006,286.118,170.777,359.872,338.304,512.324,501.976,176.498,209.146,195.913,86.7415,237.171,111.072,298.072,342.516,467.799,173.891,128.17,271.846,303.645,265.209,247.122,411.052,238.805,452.566,366.938,340.469,130.047,168.393,324.697,170.493,203.024,162.465,754.406,511.653,218.803,452.587,477.884,300.478,305.658,441.751,453.113,240.749,376.416,800.606,607.747,417.18,118.335,167.482,166.205,105.849,196.398,136.583,236.268,398.251,124.688,365.364,384.356,305.655,275.741,431.865,352.599,319.259,306.68,412.411,455.933,328.015,303.854,499.652,190.107,305.201,187.603,86.9564,275.446,347.852,334.985,406.391,216.106,365.706,229.467,238.806,335.55,353.354,316.185,278.732,457.466,652.133,164.133,275.909,146.836,433.952,105.551,192.243,272.359,314.28,153.147,278.378,246.664,240.498,491.494,162.289,146.16,409.982,276.806,358.162,688.596,457.462,106.788,179.124,146.216,375.057,619.268,123.951,277.769,329.797,451.909,407.598,197.096,270.866,272.412,265.623,220.854,319.253,691.061,432.097,649.498,256.245,168.574,166.852,90.9493,230.889,149.515,107.808,242.633,184.772,316.492,361.365,439.433,179.669,238.248,431.473,473.21,486.085,491.753,641.999,371.882,885.923,180.648,129.682,296.447,234.699,137.546,236.173,181.733,270.133,253.163,377.729,208.983,333.572,272.409,433.756,373.981,826.511,543.028,522.963,530.238,920.462,158.61,144.479,350.957,326.752,281.597,313.136,335.135,312.551,377.469,126.336,507.935,126.648,422.574,639.039,285.163,518.158,517.375,323.392,395.253,609.443,204.35,206.597,132.237,242.114,160.142,259.294,367.161,457.408,408.551,306.476,794.554,512.239,217.918,271.159,392.451,514.996,288.037,516.902,634.994,325.829,108.498,135.303,216.511,164.448,139.179,190.348,231.082,259.707,378.045,401.518,344.559,470.971,227.546,289.014,263.104,204.77,367.424,404.448,208.826,746.294,245.954,108.395,554.888,154.953,199.288,204.347,334.33,225.995,500.08,366.438,162.651,161.014,383.643,661.002,543.806,297.304,253.297,294.429,417.081,434.305,160.66,150.973,166.455,149.345,224.298,81.738,389.651,245.217,162.593,339.974,198.964,613.437,372.685,167.986,297.922,488.912,491.861,253.603,656.987,306.373,491.133,332.148,79.5789,111.296,125.824,108.417,465.051,338.032,164.844,456.231,290.968,345.475,403.589,348.884,219.912,332.426,719.768,273.046,935.799,421.926
Middle : MAE between noise and true:
271.595,212.972,186.84,142.207,412.803,398.042,365.206,341.636,111.482,83.7717,150.814,136.374,115.295,147.936,127.221,83.9988,76.5221,86.5931,107.549,219.219,243.306,262.674,244.445,248.834,146.269,256.26,239.948,111.761,134.148,241.259,215.365,207.677,208.568,219.066,208.524,133.823,98.4191,408.713,148.812,137.858,152.163,128.832,110.622,329.286,336.174,364.001,246.395,230.883,446.02,445.828,244.216,249.31,252.281,364.789,453.964,430.448,429.122,228.809,167.904,155.962,435.284,400.648,480.369,460.113,459.581,465.944,363.347,333.849,115.738,117.914,166.352,131.36,137.47,136.015,125.406,106.899,82.2202,95.1998,83.9118,122.504,134.447,116.817,294.292,299.426,297.614,280.928,118.155,95.2484,297.573,120.78,331.871,355.068,128.438,135.661,144.429,131.34,157,140.167,126.062,142.654,143.401,139.268,102.746,148.206,387.533,93.9631,61.6419,66.1823,91.0078,84.1804,155.568,150.644,116.453,112.352,259.295,244.754,242.038,231.238,221.923,277.592,139.206,328.307,174.042,147.641,170.839,162.907,152.499,119.707,198.178,214.124,152.125,163.436,167.174,203.013,186.293,190.97,85.151,154.602,135.589,135.156,189.261,178.434,181.97,262.544,201.986,146.926,131.456,121.448,121.709,159.04,195.014,159.108,156.858,168.47,172.858,181.545,181.154,164.946,157.948,163.181,184.289,174.053,130.935,135.144,114.558,139.756,123.549,123.663,135.134,206.754,182.969,110.968,129.061,202.8,210.839,175.326,175.563,187.419,199.851,219.721,246.31,246.615,242.884,233.157,232.033,253.066,247.407,109.986,132.752,203.659,454.662,426.065,177.915,201.652,183.725,202.966,216.703,412.916,179.884,177.057,233.3,461.625,330.715,111.125,161.386,179.219,137.967,142.074,148.508,240.736,245.331,236.475,246.459,229.416,230.76,200.713,233.385,262.886,245.683,170.81,189.175,189.311,193.943,218.493,161.407,200.077,189.092,219.529,224.785,233.476,208.264,207.672,217.373,229.723,188.884,143.634,150.213,181.476,310.497,253.021,356.118,117.527,134.725,348.669,349.12,97.2558,121.178,146.975,144.357,115.831,176.333,237.298,257.879,290.888,148.803,198.677,218.166,368.912,344.76,382.315,191.07,194.015,227.94,216.534,180.067,178.622,174.79,176.025,181.469,221.629,136.308,111.76,179.942,147.303,137.242,190.116,189.448,176.529,168.314,149.773,238.989,413.822,381.048,352.394,397.372,257.509,274.326,227.825,213.362,218.467,195.452,202.036,200.473,229.774,211.43,173.672,469.397,468.201,401.308,395.677,347.614,204.044,198.686,265.642,161.441,171.821,153.257,150.926,154.639,158.418,145.271,173.896,145.593,135.293,134.601,144.95,138.165,254.476,234.236,243.535,332.881,280.498,244.997,184.166,330.228,234.704,244.634,275.812,290.561,280.447,333.172,326.488,291.265,277.982,298.085,295.612,345.974,308.949,234.018,237.749,263.732,242.924,183.009,190.304,191.579,181.808,171.518,180.412,167.59,173.995,161.817,165.607,152.579,151.961,156.764,171.671,234.123,153.739,179.057,197.07,215.889,216.995,206.776,185.097,169.051,177.421,166.586,239.342,303.999,226.449,261.935,241.335,225.345,228.054,227.259,187.729,98.6999,148.147,136.201,138.13,160.649,243.711,243.157,244.426,238.448,270.88,253.881,193.348,178.235,194.649,144.839,117.39,425.736,414.539,380.779,365.171,134.466,184.924,170.557,167.208
Low : MAE between noise and true:
137.289,166.237,234.745,240.956,240.956,240.418,225.612,225.483,196.573,552.951,553.171,553.685,533.336,72.2883,71.2198,81.3239,217.84,234.116,217.233,176.205,180.043,165.266,177.612,177.196,125.975,125.981,136.836,89.4882,95.8089,213.436,166.761,183.249,176.554,136.046,118.836,186.015,193.675,72.9978,538.251,532.489,565.001,152.21,151.925,151.39,204.23,221.747,269.565,206.092,274.034,261.682,258.01,238.772,244.521,81.7191,196.2,214.897,227.407,205.242,205.485,104.396,99.4663,142.617,146.276,142.169,164.53,151.395,140.902,154.043,189.059,189.387,192.304,197.301,191.81,248.279,401.65,215.91,203.502,183.018,183.191,259.36,256.105,256.105,256.703,256.703,259.68,256.493,651.723,647.701,703.652,695.991,639.955,639.955,639.955,639.955,639.955,300.54,282.591,279.385,277.72,278.194,181.071,209.749,191.251,228.191,300.707,273.618,281.345,271.598,287.067,273.306,283.706,263.695,181.479,188.85,170.625,173.847,163.055,181.538,156.798,141.563,157.991,341.813,481.575,272.757,151.744,238.935,292.909,289.464,291.477,301.927,311.259,319.344,328.454,233.069,246.163,204.31,208.008,210.953,205.281,203.522,215.072,214.068,182,194.084,107.056,98.5794,102.289,84.8772,90.1171,135.916,141.726,133.101,131.294,136.696,295.747,285.387,295.104,297.442,311.786,184.827,199.772,153.757,154.907,143.499,124.248,89.868,90.2303,81.8985,81.8985,96.9212,108.366,133.306,132.175,139.618,126.8,142.469,155.946,162.823,140.122,133.65,128.352,130.188,152.092,190.77,194.98,330.044,572.76,324.056,324.167,313.445,259.31,368.401,336.709,244.637,316.353,344.014,364.108,368.197,259.554,260.187,273.891,255.318,163.551,134.496,597.54,593.043,567.293,582.408,576.418,241.836,244.54,244.156,186.483,181.475,137.579,228.685,203.78,152.105,158.957,160.188,175.085,206.029,156.311,175.767,109.5,140.638,126.276,276.022,273.456,290.359,290.816,344.335,506.291,264.019,268.305,268.492,283.63,292.144,348.768,382.285,374.17,387.202,291.13,292.214,271.476,232.521,186.662,188.984,149.283,148.317,112.97,112.902,116.011,131.917,112.107,120.135,157.525,147.517,172.135,213.782,256.564,277.1,267.397,268.63,261.985,247.224,356.559,377.216,346.082,200.86,66.0628,77.0158,99.4792,100.626,103.021,149.324,180.229,162.828,109.406,107.936,107.974,170.371,576.205,567.964,599.66,610.511,537.94,531.484,143.793,162.664,121.896,134.187,141.29,145.767,153.159,136.505,130.826,125.205,124.158,121.322,109.659,96.6274,94.8847,245.429,380.237,340.738,330.38,221.232,135.949,161.699,204.345,267.895,272.987,286.85,263.735,262.425,255.263,228.216,213.078,143.965,166.021,155.423,171.503,264.46,398.654,430.706,165.299,127.026,122.873,114.404,140.783,110.885,101.469,96.1494,86.2645,82.4194,145.125,168.664,181.895,177.381,209.194,258.399,210.678,175.082,192.997,211.83,201.457,197.568,152.678,152.744,212.261,141.149,164.527,179.941,179.941,147.494,123.164,137.282,124.484,124.696,108.642,104.829,100.484,100.596,80.5418,96.4742,91.1102,173.497,129.089,130.249,121.616,128.662,125.06,97.5136,88.5421,74.2757,68.5441,85.3011,145.334,144.111,183.948,186.51,201.532,195.861,151.036,151.535,126.759,121.518,86.3615,128.718,163.588,145.83,182.069,184.995,191.23,142.669,136.071,131.229,211.372,167.443
sum : MAE between noise and true:
183.976,201.175,212.449,181.783,267.376,254.453,284.088,323.403,280.016,325.471,330.749,331.402,300.782,122.875,211.715,215.639,313.911,277.259,302.663,217.947,201.612,222.406,173.316,193.807,148.667,200.145,244.295,230.608,158.818,209.704,213.794,294.143,229.445,187.892,169.578,230.871,171.134,353.235,302.565,350.64,314.607,148.664,202.425,225.327,233.978,256.033,251.719,285.609,299.838,312.757,282.699,280.627,266.602,270.174,300.279,286.589,401.172,211.593,328.702,271.368,216.143,223.149,244.461,265.041,312.164,273.169,257.275,288.896,204.335,277.971,215.107,215.837,187.675,251.047,266.51,267.14,185.036,164.354,217.376,201.857,168.729,158.937,237.313,276.544,247.244,254.361,339.746,378.296,453.876,361.628,406.431,458.398,314.728,353.437,327.927,241.32,258.018,244.018,311.478,332.199,225.867,159.381,182.702,232.285,270.199,172.098,206.472,240.398,249.507,203.248,285.874,189.52,262.359,231.403,238.679,196.459,254.988,250.36,297.015,307.044,157.899,293.089,283.844,169.047,186.585,170.971,247.827,250.562,319.151,229.981,197.185,251.542,266.424,233.764,226.526,268.777,177.321,272.707,235.936,226.382,178.127,186.965,229.556,209.04,170.689,135.99,329.383,239.326,143.543,249.181,271.541,197.563,197.937,248.972,307.239,235.894,284.225,420.998,359.16,255.063,167.465,165.097,150.682,128.164,145.068,122.069,150.016,201.271,113.907,223.013,225.23,183.31,178.992,258.095,230.079,212.351,212.73,254.218,265.302,227.129,226.172,292.152,195.028,243.043,204.872,223.355,365.204,260.631,263.968,307.831,310.026,386.724,248.03,228.365,278.543,300.111,298.999,353.282,298.968,363.126,223.774,330.95,213.701,226.524,288.159,321.501,325.873,346.254,292.691,253.65,245.511,240.376,308.145,191.06,171.5,279.793,237.99,257.718,364.412,262.82,157.016,191.488,165.49,256.439,296.725,154.888,197.712,275.116,316.716,310.478,232.059,274.291,332.025,253.121,226.014,243.793,374.968,301.906,436.254,297.183,299.621,223.86,172.268,290.591,256.704,145.861,183.491,173.577,203.377,208.504,242.912,176.623,204.046,284.759,244.707,268.299,289.148,386.143,296.259,494.007,209.428,200.266,263.928,239.954,193.199,220.673,237.694,274.458,260.238,266.739,137.118,174.116,183.944,227.229,204.748,388.65,304.235,287.44,269.319,392.724,168.524,242.891,436.07,415.703,426.21,393.719,382.467,357.287,244.875,169.156,275.094,154.29,254.779,338.193,216.584,276.112,372.533,305.599,306.906,375.481,220.541,169.089,141.936,251.062,233.94,257.285,283.599,276.522,233.047,208.864,381.39,318.01,212.166,231.101,263.596,307.457,227.155,333.198,360.769,237.776,202.467,190.408,211.004,204.358,289.354,285.253,213.672,220.849,263.826,265.456,272.838,302.781,206.76,221.048,215.818,194.267,286.175,294.02,208.247,387.142,239.626,203.239,316.192,173.446,194.622,199.329,235.768,201.325,273.449,231.059,178.91,155.924,233.583,330.968,293.504,205.489,203.528,195.15,240.207,252.023,161.73,157.599,157.905,145.013,157.964,118.545,215.782,219.352,198.56,232.224,194.172,327.812,241.03,164.518,204.575,250.306,219.702,162.35,312.841,196.205,278.577,254.123,174.756,183.861,171.769,176.944,281.897,217.633,143.147,259.866,199.798,202.899,337.131,316.14,263.974,280.089,330.102,196.4,439.243,252.192
High:MAE between noise and cm:
5.86239,6.33998,5.50263,6.81305,5.43784,5.13123,199.814,331.162,299.2,280.549,247.741,193.183,184.83,89.734,329.53,460.789,420.046,437.884,403.881,181.661,138.619,81.1605,116.544,125.094,238.06,97.2483,413.312,356.691,360.225,164.246,206.739,544.968,306.631,275.71,156.179,338.01,236.1,657.997,294.257,461.165,258.963,53.7802,179.061,184.816,168.206,198.182,153.058,292.891,197.571,286.829,460.433,339.238,430.487,354.377,342.049,346.113,670.21,222.422,620.242,559.786,185.512,175.794,405.884,374.912,240.073,473.214,278.96,383.679,414.361,693.876,427.227,357.132,505.586,439.077,344.248,583.805,299.389,179.135,459.558,374.803,408.395,129.339,504.06,192.241,365.361,379.635,788.005,684.572,328.112,757.441,432.175,503.269,373.327,813.413,769.122,401.35,724.994,683.393,792.948,1026.59,253.321,400.45,847.571,572.717,608.101,350.671,777.061,357.047,760.874,472.179,1023.44,336.066,943.821,649.85,651.031,298.168,605.047,655.516,756.573,1287.25,5245.18,687.83,335.906,238.661,237.693,389.853,614.886,669.538,1386.32,608.766,5057.45,739.07,709.02,695.155,469.274,689.026,428.534,1015.44,537.718,501.834,516.527,358.859,425.739,538.293,403.34,645.087,873.505,938.075,742.414,1320.01,576.907,476.015,546.772,1005.86,783.518,492.84,401.312,1655.76,6086.24,1039.33,448.236,344.91,480.727,637.273,722.979,736.243,426.929,841.863,238.908,598.888,466.837,608.506,988.02,728.5,1486.88,570.041,390.051,877.33,481.891,755.2,123.996,744.981,546.965,495.753,587.778,279.908,743.85,640.142,1255.65,642.341,367.423,574.596,620.254,377.313,602.274,5686.88,568.109,235.876,830.913,926.879,420.01,258.083,241.638,753.783,613.439,281.937,719.519,523.725,349.186,589.512,515.64,939.956,1171.81,373.414,201.493,572.406,1385.86,384.614,698.338,1004.54,883.199,521.851,526.873,697.741,489.62,572.3,964.036,645.637,595.901,508.061,394.215,932.391,670.942,558.202,493.154,768.725,808.315,789.018,1024.16,611.092,493.651,281.855,265.437,512.388,382.626,617.522,664.016,486.277,740.943,631.879,1372.53,498.833,629.42,860.552,878.857,1224.47,667.269,545.388,1119.71,1380.61,700.559,604.731,942.303,714.593,756.873,553.213,738.284,616.832,635.743,912.017,269.151,548.676,595.232,477.381,694.692,1311.16,1118.6,770.356,915.757,1287.64,519.511,702.298,742.099,700.15,773.807,1083.57,760.379,630.922,1107.59,542.141,702.461,357.45,866.442,786.422,1021.76,526.133,1445.92,779.479,654.655,1452.23,645.147,700.342,701.469,904.346,595.201,530.588,622.217,802.643,665.515,600.264,1447.71,1164.58,315.296,474.446,404.57,824.878,503.845,851.983,1100.56,583.948,643.698,1368.73,1051.04,918.036,1122.41,684.572,817.664,855.789,813.198,614.117,1021.66,783.931,273.278,430.765,485.884,609.86,923.05,815.568,881.757,753.633,363.292,425.389,567.154,708.628,924.272,1115.41,605.52,435,1124.22,1516.11,189.187,612.971,1287.45,1115.16,1271.19,668.502,812.203,553.157,1294.22,936.58,603.619,846.846,616.81,330.192,854.408,1033.91,776.215,1117.87,622.916,799.189,723.997,1071.22,924.762,983.235,578.534,1359.85,1243.58,933.506,933.891,683.204,498.596,1095.54,1083.55,1062.43,1066.3,1328.98,1268.98,512.303,1101.52,1133.49,907.29,967.673,996.011,1469.33,731.621,1130.54,519.868,656.381,1623.96,965.092
Middle:MAE between noise and cm:
6.36604,5.8785,6.00174,6.21898,5.7973,5.62219,36.7931,34.945,11.6618,11.5134,14.9153,15.0737,14.9206,18.2038,16.069,18.4567,17.9626,16.2087,27.8295,36.6816,11.7053,11.6638,13.1732,13.4141,7.3412,11.8765,23.2528,10.0618,13.698,25.2456,25.8079,21.8844,23.6704,23.1967,23.4016,24.0389,21.3186,62.1712,33.2143,33.1024,17.0322,13.2837,13.3022,29.9514,30.0137,32.4735,27.3604,29.6181,64.5441,64.8564,30.227,31.2272,52.2776,54.7856,42.2797,53.1128,51.8023,49.2224,51.7538,51.7386,47.1947,45.2621,24.5664,23.5369,23.4555,21.6465,37.8845,32.4477,18.4347,18.6699,19.8963,16.8521,16.3673,36.1632,35.2473,36.3206,35.6202,38.2351,19.2076,23.5562,15.9028,15.5368,22.1152,22.3434,21.5548,22.5239,29.5263,25.4634,37.9792,23.1093,40.6197,38.7779,30.0557,30.1159,31.9893,34.0449,41.9527,35.6989,36.2384,40.9751,26.5853,37.7069,21.527,31.7961,44.3933,24.486,30.6023,30.5445,35.292,32.453,35.6694,31.8579,36.1893,31.7915,53.4553,57.7306,58.2021,52.7462,58.4186,91.6289,51.6955,38.3706,36.751,39.2556,39.945,38.7156,41.6018,57.1031,51.9365,71.6803,54.84,58.739,60.1364,63.3013,44.7217,58.23,33.224,44.5807,49.1621,48.7964,32.3955,32.8975,32.5552,32.6064,33.989,34.2758,37.8799,33.6059,33.1201,43.1227,44.2009,32.3184,31.1407,36.8472,40.25,39.3455,39.1965,39.3226,44.6796,47.5725,42.8781,56.6127,50.8619,57.403,49.8228,42.6567,42.8772,41.6129,42.6302,53.8239,57.1611,35.2074,64.5812,69.0962,37.9491,38.0656,39.1015,44.623,49.3811,55.2763,43.8217,43.7182,42.7267,42.7606,41.4245,38.4773,40.7444,44.2752,59.9345,51.3259,150.558,145.246,50.9866,49.9193,50.0851,58.4416,51.4115,99.021,88.3533,88.2229,64.7144,75.0527,77.0249,67.4267,51.8042,46.9722,54.9825,48.7598,51.7322,54.1398,55.3419,55.1735,58.3361,49.0351,48.7389,47.9161,55.1471,52.5701,61.3864,45.0949,27.9266,27.8621,41.5466,47.1964,74.059,74.7096,96.9941,94.7151,87.6262,84.4247,89.6813,88.8273,81.725,80.6206,72.1002,73.0949,69.764,98.7814,162.228,164.023,88.7143,285.671,286.782,332.105,332.616,276.156,286.272,39.0404,269.143,39.1166,67.266,89.9091,113.88,342.103,75.1403,121.728,118.992,104.648,156.9,163.727,67.4294,67.4878,81.4278,75.2576,139.272,134.26,64.3035,116.78,109.627,54.5599,45.1783,101.643,177.781,173.686,54.7696,51.4415,49.0092,168.787,177.655,39.0197,43.0622,83.54,85.0796,82.0345,184.934,142.14,147.634,150.809,145.677,146.425,116.769,150.594,152.62,161.339,141.55,90.9315,202.336,199.721,110.338,99.0743,109.51,97.5568,94.3103,128.49,49.4228,55.8643,58.4836,59.8921,58.9061,53.0788,47.4584,107.207,51.6189,44.2889,44.5964,47.7594,46.4191,119.023,47.0047,53.3769,56.8135,59.7967,43.7207,37.3302,89.4216,81.6731,89.1633,182.187,183.836,183.106,183.906,184.737,180.343,176.18,181.632,188.578,256.418,252.958,164.324,164.65,160.573,123.667,59.5364,54.0791,54.26,52.9801,50.8729,46.4864,57.0032,66.8847,54.7574,56.5598,56.3544,64.7453,56.966,58.136,108.012,65.3778,63.6929,63.0246,68.7947,68.0014,62.5878,60.026,58.9774,64.7852,67.7784,189.444,180.604,51.5723,56.5905,71.0013,62.2642,64.0287,80.1775,78.4035,28.9914,39.722,47.0606,58.5779,53.5889,64.8019,123.801,124.617,70.5948,114.478,118.541,116.522,50.1015,74.4771,47.186,60.6747,143.721,109.879,92.5964,85.9909,41.9209,57.9506,57.8987,66.1217
Low : MAE between noise and cm:
5.55487,5.33282,5.531,5.46984,5.46984,5.69799,20.0699,19.9592,17.8694,38.4123,38.2368,38.0266,36.5769,8.3189,9.27706,18.1083,28.153,30.0459,37.3275,33.042,8.69557,8.09434,8.30542,8.15699,6.86382,7.15819,14.7048,14.0813,14.7045,24.3872,21.5154,22.8639,22.7212,15.9655,14.979,24.3764,24.7002,14.6312,72.9024,71.707,16.9561,14.5038,14.3813,14.334,25.4842,24.7878,45.877,43.9793,55.4176,52.7866,49.0762,47.3762,47.4181,15.7928,26.7624,34.9285,38.1517,32.2835,39.0615,27.0758,15.7425,28.1427,35.3604,35.1702,32.296,31.6156,28.9477,34.6577,37.9789,35.6449,32.8135,36.7815,35.4981,39.308,53.7159,54.2301,53.3406,52.4116,61.0027,48.3904,37.5679,37.5679,37.7518,37.9791,37.4823,58.5181,193.625,190.62,187.314,187.081,160.176,160.176,160.176,160.176,160.176,88.4464,76.9347,76.8283,89.0587,89.1694,36.5373,38.626,37.6182,36.3806,41.5883,39.7806,56.5611,54.6865,48.3868,46.8906,45.4244,42.5619,34.8176,29.6909,31.071,29.5357,31.8253,35.7913,37.5527,31.1613,31.7794,38.4837,71.174,68.5662,45.5596,77.7492,86.1321,79.7676,80.1598,87.9702,93.9311,95.0092,93.1078,54.7661,73.3138,72.1229,75.6158,74.5119,77.6516,73.7251,59.0457,58.5424,54.6365,56.1894,30.9421,34.7115,35.0743,31.1394,31.4741,37.4986,38.4517,38.0919,32.8176,33.0784,64.1038,70.8165,73.3165,74.5031,85.2481,51.4634,28.7976,28.7597,40.7782,37.0591,34.9763,27.467,35.1636,30.0166,30.0166,27.5975,30.0351,33.3073,38.0835,39.933,37.358,43.8115,45.5151,46.0115,43.6555,42.5334,34.0406,28.2415,25.955,53.0679,54.038,83.1392,169.976,71.4545,71.4532,81.6683,62.3878,79.0783,59.9196,61.3508,75.849,93.9522,92.7436,91.367,78.2947,84.4279,84.7457,81.4777,57.1473,54.1294,45.5842,44.5708,70.3818,73.3376,66.7351,59.7484,61.9786,61.6085,45.3938,48.3498,44.9525,45.0155,41.6976,28.882,40.1457,39.032,35.311,49.7195,45.8041,48.2917,47.8645,48.7901,41.7201,59.0209,58.6115,70.1202,70.8327,93.6872,122.804,62.9838,64.7067,69.6176,75.8342,95.0246,101.082,93.9943,82.5538,83.6705,47.4161,94.5237,97.0454,87.9911,78.0124,79.1388,64.2583,34.7416,35.9518,35.657,47.6105,48.0269,49.9295,48.3886,54.0709,46.3623,47.9356,55.9386,54.5812,69.5883,65.2426,65.2153,57.8688,54.9757,81.6791,80.6367,80.9363,42.1777,22.2814,25.0977,19.5652,20.3123,20.2545,33.4943,39.512,40.147,39.0531,38.8192,30.9883,56.9437,82.2691,76.208,81.1209,81.9338,67.332,62.1115,24.7669,28.767,27.0303,30.4915,43.6945,51.8477,60.0381,62.5786,64.2006,61.3876,62.7012,61.9145,46.4485,42.6817,42.6068,83.3123,100.283,101.126,105.14,88.4352,39.7317,45.4833,79.9043,155.817,153.492,152.006,135.204,142.337,140.058,124.892,107.872,28.2543,20.7427,21.0267,22.0089,68.976,69.151,66.8227,34.6244,33.583,28.9598,23.7784,27.2496,27.1826,24.0183,23.2195,22.9605,22.0253,58.8392,68.2292,82.0026,82.3273,84.6009,74.3443,55.4149,59.8993,56.8856,55.9422,50.7394,49.8767,47.4093,47.6384,82.9154,29.9815,35.3598,34.5879,34.5879,28.7401,40.2118,47.2016,43.0907,101.15,98.4159,98.7347,94.0426,93.7541,78.3069,19.1276,16.6794,100.761,56.2845,45.5063,67.3534,68.0326,67.067,62.9892,67.8309,60.2884,64.5959,70.94,84.0994,54.5719,62.5183,62.4929,62.7826,85.5928,81.4855,81.3134,94.1028,88.3136,67.0553,65.2047,83.7522,52.819,51.5986,53.489,57.2331,51.4849,49.2136,48.4957,63.785,60.6081
sum :MAE between noise and cm:
5.92777,5.85043,5.67846,6.16729,5.56833,5.4838,85.5589,128.689,109.577,110.158,100.298,82.0943,78.7758,38.7522,118.292,165.785,155.387,161.38,156.346,83.7949,53.0067,33.6396,46.0077,48.8884,84.0882,38.761,150.423,126.945,129.542,71.2929,84.6875,196.572,117.674,104.957,64.8533,128.808,94.0395,244.933,133.458,188.658,97.6503,27.1892,68.9147,76.3673,74.5681,85.1479,75.4317,122.163,105.844,134.824,179.912,139.281,176.727,141.652,137.03,144.718,253.388,101.309,237.019,212.867,82.8164,83.0661,155.27,144.54,98.6083,175.492,115.264,150.261,156.925,249.397,159.979,136.922,185.817,171.516,144.404,224.785,129.45,89.9271,179.923,148.917,153.955,60.8147,187.976,84.1878,141.466,153.559,337.052,300.218,184.468,322.544,210.99,234.074,187.853,334.568,320.429,174.614,281.294,265.307,306.082,385.579,105.481,158.928,302.239,213.631,231.361,138.313,288.075,147.426,281.518,183.841,368.178,136.829,338.276,237.111,245.186,128.478,231.691,248.018,284.182,470.014,1776.22,254.895,147.944,115.494,107.733,168.773,247.54,268.803,506.139,256.139,1735.41,297.606,287.421,271.074,195.77,273.126,179.125,378.178,221.511,208.118,202.656,150.1,170.977,209.03,156.09,238.025,315.486,334.273,269.003,466.877,219.853,182.142,203.577,358.595,295.957,201.001,171.275,589.86,2072.06,379.454,173.304,143.427,190.789,243.912,269.259,268.789,168.323,304.497,103.852,226.77,184.678,225.673,363.562,279.176,520.728,217.306,158.223,322.655,191.642,284.336,67.2861,272.313,205.216,197.194,227.747,133.841,318.19,251.957,462.345,258.445,193.456,266.307,243.72,162.861,242.736,1946.42,237.421,142.088,332.52,366.51,189.823,138.205,125.27,291.78,236.942,124.493,281.628,215.274,155.885,234.467,210.987,352.246,425.181,156.933,98.3948,221.779,494.233,155.355,266.623,362.887,315.479,199.811,204.741,264.41,203.848,231.933,367.583,266.458,247.38,220.869,184.91,371.635,291.824,233.935,209.987,303.813,317.971,327.608,429.157,289.703,221.64,217.066,199.878,313.006,270.762,327.223,342.767,201.485,358.115,235.246,491.915,208.133,263.637,416.894,334.642,464.863,280.111,232.133,441.516,533.425,274.19,247.269,362.991,285.022,318.005,247.483,294.755,271.416,275.435,336.251,112.204,225.139,264.193,223.793,256.572,465.366,402.373,326.43,377.488,455.159,197.854,280.927,303.149,286.131,346.62,435.881,325.115,281.281,426.011,239.111,282.087,179.512,354.252,333.203,407.783,226.548,570.817,346.863,275.898,537.74,267.035,280.193,279.462,372.049,248.302,229.193,261.947,316.99,254.717,232.942,525.023,475.867,173.469,223.58,194.79,338.325,230.107,365.299,418.48,221.86,240.418,483.183,372.257,341.447,426.994,277.689,313.817,357.186,341.998,273.667,410.938,331.95,159.213,210.055,230.159,273.488,412.769,378.918,376.028,333.537,202.822,207.8,227.368,274.202,345.139,408.11,235.711,177.121,409.546,543.543,108.953,233.171,459.722,404.83,454.246,251.793,320.142,221.912,467.003,366.918,256.943,337.861,257.814,161.324,330.564,372.609,286.891,469.358,286.602,298.756,282.647,403.418,351.364,370.084,242.181,499.514,445.721,348.056,355.017,265.451,204.901,407.612,423.379,424.212,406.127,508.256,493.873,239.046,406.225,424.389,346.076,360.389,397.11,544.234,293.817,422.672,203.667,254.276,581.882,363.941
High : MAE between cm and true:
143.42,223.94,215.7,161.54,148.56,124.38,159.24,184.62,330.76,181.18,132.78,217.62,201.82,153.02,344.46,208.9,352.86,526.82,379.66,216.06,300.98,299.12,200.22,247.94,398.38,299.28,263.88,536.12,340.54,240.6,203.34,244.58,366.76,267.62,203.24,195.98,292.16,246.02,438.2,388.12,405.44,186.38,483.18,331.5,282.56,344.18,275.24,371.28,297.46,336.68,364.86,515.6,366.32,321.7,296.38,458.6,297.96,269.66,348.12,280.02,269.7,277.76,500.16,489.28,529.98,616.94,219.54,421.02,454.9,584.22,371.86,371.3,483.76,547.94,499.48,526.06,315.66,235.96,378.92,403.58,480.38,214.74,621.58,452.3,532.9,582.5,691.72,522.5,475.7,957.66,509.88,423.24,474.4,858.62,831.88,374.44,718.14,636.04,764.64,756.78,570.94,505.16,1050,834.62,680.84,455.02,674.08,434.32,640.8,606.52,1188.58,329.76,707.94,519.5,583.34,288.94,582.12,420.98,552.2,1020.72,5361.5,820.74,480.16,275.94,384.54,479.28,604.4,623.64,1135.5,662.64,5110.78,711.7,769.68,553.9,337.9,438.76,392.98,736.84,528.98,406.62,637.14,454.74,699.66,642.42,538.5,794.12,904.06,628.04,710.82,1100.4,433.24,467.32,505.9,832.52,585.12,394.84,453.46,1190.32,5795,910.82,543.1,480.26,600.66,685.06,843.26,843.64,460.8,760.08,264.04,631.92,476.48,631.4,965.8,673.52,1394.16,441.54,342.7,798.72,611.68,578.44,359.9,928.48,636.54,723.6,654.72,307.32,781.36,597.32,1261.26,454.48,446.98,539.38,657.28,493.7,496.38,5567.68,656.72,276.34,684.76,736.84,540.36,424.88,347.66,1095.94,654.28,389.02,583.16,545.54,324.08,528.8,627.76,849.34,1009.22,399.62,252.8,350.8,1405.32,488.26,525.56,1001.88,968.68,633.82,610.14,985.88,958.18,652.94,1098.22,700.14,528.94,444.3,379.12,858.5,781.12,407.08,522.88,831.16,725.58,709.14,875.22,593.64,599.3,353.22,268.16,689.22,469.06,618.72,785.68,434.98,674.1,463.8,1264.9,574.2,657.14,1102.7,922.42,1115.38,367.84,532.24,1124.86,775.34,791.02,679.4,1059.36,802.02,807.08,672.38,700.94,709.12,721.86,940.26,315.14,631.58,648.72,605.28,743.34,776.46,1223.04,709.42,486.58,631.84,573.72,780.06,858.28,917.68,947.66,1313.44,736.58,774.58,1154.08,589.7,651.4,370.52,728.46,631.64,1019.7,587.16,1105.42,802.24,416.22,1365.98,801.7,685.84,742.02,1011.68,699.04,709.44,858.94,1083.82,864.16,616.02,1504.98,1466.32,391.24,584.88,347.94,733.88,562.56,1174.96,826.04,486.96,681.5,1429.78,1110.74,994.48,1219.12,778.72,842.06,758.64,940.2,794.2,1144.8,737.94,307.36,423.66,618,604.7,949.34,802.86,934.6,762.08,513.78,467.4,751.68,752.5,1001.68,1218.26,798.6,478.86,1212.04,1540.52,292.36,696.58,1401.34,1331.56,1564.94,827.54,941.18,653.08,1287.42,876.24,672.84,885.62,706.58,412.52,885.14,1084.96,724.18,1239.76,625.96,989.28,712.98,893.16,835.82,990.92,773.16,1588.04,969.3,1027.86,1085.6,646.18,733.32,1294.34,1089.76,1064.88,1127.66,1350.36,1255.54,501.54,1095.38,1280.4,1107.36,1237.52,1124.56,1663.76,693.14,1038.64,676.98,635.22,1754.2,1022.74
Middle : MAE between cm and true:
270.6,211.36,185.46,140.16,412.52,397.22,398.18,371.92,119.32,88.18,158.42,144.52,124.22,160.82,137.82,92.64,84.72,93.04,121.98,243.34,244.52,264.3,247.58,252.36,144.24,259.44,258.8,117.16,143.1,260.12,233.84,221.84,223.76,235.18,223.46,144.96,108.06,463.48,170.04,157.68,156.8,132.64,114.7,349.5,356.12,381.68,265.5,254.32,503.08,503.2,268.04,275.08,298.32,408.3,486.04,474.18,470.58,268.2,205.3,192.74,458.1,423.12,485.08,465.1,463.74,472.74,390.18,354.78,118.74,121.7,168.74,127.88,136.3,154.24,144.74,129.92,107.38,123.1,86.4,127.02,126.34,107.26,296,301.62,301.24,284.42,127.62,104.98,313.48,120.08,349.38,377.04,144.1,158.36,170,154.84,185.06,161.48,146.56,163.72,146.22,166.2,109,164.14,416.2,94.2,69.86,75.94,97.6,97.34,178.82,164.3,126.54,119.68,289.14,277.14,274.16,258.1,257.68,356.12,174.76,337.74,192.5,143.34,166.86,156.74,156.8,152.46,226.06,260.7,162.84,177.48,183.34,204.22,194.82,194.84,107.14,180.64,165.86,165.96,206.46,192.28,189.58,282.6,216.64,153.76,147.16,128.2,127.72,180.06,217.2,169.8,169.22,172.24,182.02,193.44,192.08,175.46,169.4,175.78,171.28,188.58,160.06,158.62,142.24,147.98,141.7,143.4,156.2,239.14,200.38,128.04,169.82,247.86,229.62,204.08,204.76,213.72,223.46,249.62,248.94,249.2,246.82,237.76,235.3,245.96,255.2,120.56,142.68,200.08,362.7,329.28,177.38,206.8,188.98,213.58,243.3,485.72,232.22,235.82,254.64,493.6,341.64,112.5,159.32,171.36,146.46,139.12,150.52,257.34,266.98,259.7,273.44,245.42,246.02,223.14,259.04,294.5,280.84,186.72,183.26,182.5,201.38,230.92,200.68,235.36,260.52,280.42,293.72,281.8,246.68,246.86,251.88,264.96,215.78,172.84,177.52,253.5,338.82,270.38,332.42,357.94,373.92,596.98,597.78,350.04,374.24,143.9,376.48,107.12,140.8,180.98,217.74,511.7,141.56,241.76,267.54,390.32,427.74,483.18,162.12,164.48,192.16,190.44,212.42,206.5,156.08,216.16,239.48,199.34,135.26,178.16,286.2,250.56,108.74,155.08,158.3,273.5,284.26,150.76,218.44,375.52,348.8,318.94,453.38,346.44,367.66,324.08,306.72,299.48,237.02,277.78,276.76,296.78,300.34,197.58,534.82,537.84,426.22,422.12,414,249.52,242.28,288.22,153.1,156.94,151.3,137.42,143.6,154.06,134.34,242.84,148.16,140.56,141.32,147.46,139.36,341.48,257.92,253.9,334.34,273.5,241.2,193.22,377.82,271.88,303.06,408.4,411.6,400.56,466.9,460.88,439.52,429.8,447.44,451.56,547.1,517.88,357.3,359.7,361.82,303.38,181.34,177.44,180.2,175.24,174.94,191.04,162.38,179.72,163.2,172.44,156.18,130.42,147.16,168.52,284.8,160.32,176.76,193.32,194.84,196.58,189.5,169.8,151.14,154.14,160.82,349.2,431.26,221.9,246.3,203.7,194.68,196.02,289.04,244.06,105.76,169.5,169,145.98,147.04,236.76,304.66,304.48,237.3,332.58,333.14,273.26,187.02,182.1,157.62,138.62,329.46,341.5,339.66,336.56,161.86,205.86,200.5,201.2
Low : MAE between cm and true:
136.12,165.36,233.72,239.64,239.64,239.24,239.52,239.7,208.7,586.6,586.62,587.44,565.34,75.04,73.8,90.7,237.2,254.86,240.84,191.58,176.94,161.84,174.32,174.16,121.48,121.4,139.12,91.92,99.58,211.64,160.7,178.26,171.26,144.46,125.88,203.22,210.44,76.46,597.12,591.74,569.38,150.58,150.02,149.64,196.82,218.1,249.26,183.7,249.12,249.52,242.12,216.92,223,84.64,209.6,237.36,242.28,225.84,233.78,120.7,103.5,137.7,133.22,128.68,154.9,141.66,132.5,136.96,179.34,178.16,183.7,189.68,185.42,245.18,412.94,240.14,225.16,203.74,204.64,264.84,236.64,236.64,236.68,237.12,239.86,214.32,523.6,523.18,654.56,647.36,620.58,620.58,620.58,620.58,620.58,351.34,338.72,334.26,339,339.6,192.38,222.74,203.08,233.18,293.42,264.72,293.6,282.14,308.62,292.86,300.34,277.4,171.94,184.46,165,168.74,153.26,172.74,151.22,145.1,142.06,345.12,450.26,232.04,141.18,194.22,268.7,273.36,273.66,285.74,293.32,302,307.78,251.86,283.4,232,242.26,236.88,233.78,234.4,229.96,229.06,198,210.38,97.42,77.7,92.86,72.8,79.98,132.08,145.1,156.76,149.34,154.28,344.48,340.74,355.76,360.94,384.04,220.82,212.08,165.66,160.28,144.6,123.84,86.88,92.52,78.84,78.84,109.58,123.92,153.38,157.82,163.44,147.92,163.56,181.86,189.48,164.36,155.36,123.08,118.52,145.06,156.66,154.56,261.22,421.26,277.96,278.26,262.82,231.82,355.48,341.78,254.56,313.58,333.04,357.02,360.62,234.3,242.38,231.82,209.64,136.74,109.32,582.98,579.12,589.66,612.16,612.96,281.2,286.48,284.96,211.76,211,165.08,251.88,211.42,157.98,150.98,150.88,152.58,168.76,126.54,140.68,78.16,104.52,103.7,264.84,262.5,267.94,269.88,307.82,496.62,296.56,302.68,308.72,330.1,313.64,335.48,361.4,318.78,330.7,280.14,266.14,242.88,195.92,160.48,160.52,135.7,128,95.3,94.1,95.48,112.88,93.6,104.14,157.34,161.2,183.24,237.62,246.24,253.96,255.54,256.28,241.4,223.68,362.62,390.02,356.64,216.56,64.56,68.7,95.52,96,98.74,138.18,168.62,153.88,113.38,118.28,105.12,165.28,591.66,582.3,610.82,620.38,568.86,569.92,143.8,173.28,131.78,133.88,139.54,152.64,157.76,129.66,125.96,117.66,121.5,117.14,90.68,80.88,70.32,230.94,353.72,319.08,352.56,242.6,120.98,141.02,218.2,358.56,364.44,380.06,372.86,382.7,378.7,339.4,307.56,157.66,159.26,148.56,166.34,284.6,418.32,448.8,171.18,117,117.06,113.24,137.24,105.68,95.18,89.2,74.52,73.86,113.76,126.78,132.82,129.1,144.52,198.82,163.38,125.46,159.78,179.6,181.08,179.7,139.74,140.06,168.2,143.24,159.82,174.48,174.48,140.9,120.92,107.74,102.04,160.06,131.78,127.84,127.82,128.22,126.94,86.92,87.8,160.68,144.6,133.26,153.34,159.88,154.64,143.2,134.86,112.88,111.38,117.04,174.12,129.76,142.5,145.4,165.52,205.24,187.96,188.8,192.04,180.84,124.86,164.28,113,117.86,165.92,166.9,150.2,116.74,107.82,102.16,197.82,166.16
sum : MAE between cm and true:
183.38,200.22,211.627,180.447,266.907,253.613,265.647,265.413,219.593,285.32,292.607,316.527,297.127,129.627,185.36,130.747,224.927,291.573,247.493,216.993,240.813,241.753,207.373,224.82,221.367,226.707,220.6,248.4,194.407,237.453,199.293,214.893,253.927,215.753,184.193,181.387,203.553,261.987,401.787,379.18,377.207,156.533,249.3,276.88,278.5,314.653,263.333,269.767,349.887,363.133,291.673,335.867,295.88,271.547,330.673,390.047,336.94,254.567,262.4,197.82,277.1,279.527,372.82,361.02,382.873,410.447,247.407,304.253,250.993,294.693,241.433,229.62,268.493,315.787,352.387,298.707,216.067,187.6,223.32,265.147,281.12,186.213,384.753,330.347,358,360.413,447.647,383.553,481.247,575.033,493.28,473.62,413.027,545.853,540.82,293.54,413.973,377.26,416.733,420.033,303.18,298.033,454.027,410.647,463.487,271.313,345.847,264.133,349.007,332.24,555.913,257.153,335.473,274.547,345.827,244.94,336.513,283.94,320.367,507.313,1892.77,501.2,374.307,217.107,230.86,276.747,343.3,349.82,545.073,403.027,1855.65,397.06,420.267,336.66,272.04,288.533,247.46,384.787,309.54,268.993,357.853,292.027,362.413,378.467,284.187,341.86,381.36,276.347,306.173,470.847,265.18,264.627,274.82,386.347,370.54,309.673,333.767,575.573,2116.15,435.807,308.82,278.167,307,329.427,369.78,359.5,231.673,327.44,166.36,326.88,266.927,304.273,431.147,361.607,590.567,269.727,243.107,400.64,333.167,327.807,243.973,432.067,342.807,372.673,348.193,271.5,485.94,331.947,560.733,305.793,347.167,408.047,392.147,318.353,332.98,2038.1,419.013,374.227,383.76,405.013,342.273,376.04,275.347,439.253,465.527,379.833,439.76,432.273,362.52,355.78,393.74,464.667,498.14,285.347,221.3,275.273,625.26,313.58,319.127,446.493,434.84,328.36,312.687,452.493,412.34,330.94,487.48,415.133,361.72,331.347,298.56,471.06,509.873,322.867,347.113,437.573,411.067,425.427,516.507,408.473,416.833,347.287,307.407,517.447,436.573,388.227,440.133,246.467,395.427,232.973,500.333,283.093,323.453,575.76,385.86,487.093,264.24,361.253,578.613,498.713,399.793,365.947,502.353,416.247,420.3,367.52,406.547,438.433,439.327,452.053,171.653,292.813,343.48,317.28,316.94,356.573,516.653,378.933,294.74,300.293,299.093,440.287,599.58,606.307,670.62,760.087,557.7,556.193,534.867,354.153,340.067,260.727,381.587,360.353,492.6,304.8,588.733,485.913,321.313,635.08,435.46,338.747,351.54,510.28,401.953,395.153,454.267,487.947,376.247,303.7,619.173,689.24,301.28,368.5,287.373,421.347,360.207,618.613,463.84,299.507,391.7,617.28,506.093,490.767,671.753,499.8,438.767,428.013,489.62,436,582.98,434.833,280.687,314.22,379.987,376.707,536.733,482.507,474.907,416.96,340.04,323.2,365.467,351.8,447.22,524.367,384.873,283.2,504.72,620.1,207.92,337.42,572.447,545.487,628.86,378.987,448.967,307.047,522.073,409.873,333.153,403.347,341.3,236.847,387.74,442.007,324.267,583.213,400.607,448.147,370.873,418.913,395.047,443.38,399.02,648.327,395.48,438.133,476.24,307.307,340.953,558.833,519.98,524.867,517.64,623.913,593.573,318.547,469.087,542.26,459.327,498,539.98,724.053,394.333,497.313,315.553,314.413,717.507,463.367
High : MRE between noise and true:
0.215471,3.17484,0.896703,0.449714,1.00658,0.63043,0.609011,0.50006,1.93307,0.78718,0.604035,1.44382,0.347713,0.494509,0.766627,0.720155,3.02601,2.10868,0.710929,0.953278,0.858223,1.34923,0.670255,0.833045,0.320899,0.917313,1.10133,0.748809,0.365392,0.549418,1.11842,0.413963,0.812423,0.372146,0.653604,0.556202,0.344218,0.849296,2.80538,0.634636,1.4734,2.55572,2.415,0.89051,0.791008,0.887789,0.481402,1.12744,1.37344,1.73904,0.482865,0.736087,0.33772,1.48014,0.775385,0.406099,1.08008,0.924855,0.450457,0.596733,1.16122,1.12546,0.577933,2.29466,3.37832,0.753096,0.885407,1.91755,1.93431,3.05554,1.11388,0.447183,0.545893,1.04759,3.52822,1.17541,1.92061,1.34079,1.94901,0.389914,0.764452,0.576186,0.417545,1.68295,2.14399,1.17904,0.612535,0.597064,0.785033,0.694537,1.51391,1.7435,1.21866,0.782415,0.603917,1.87698,0.423958,0.989333,1.47792,1.07483,2.27638,1.15824,1.85304,1.24324,0.796617,0.69632,0.402811,2.14727,0.460903,1.6126,0.734473,0.334681,0.689144,0.963654,0.445577,0.481552,1.06756,0.686407,1.00473,1.13614,1.17882,0.740242,1.02533,0.670833,1.70055,1.15595,1.79884,0.593424,0.294161,0.730214,1.19425,0.920688,1.70902,0.849363,0.335094,0.904151,0.770561,0.379421,1.80266,0.813869,0.572703,1.80485,1.30489,0.810356,0.583569,0.491913,1.44065,0.454669,1.12518,0.908862,1.04674,2.12114,0.520678,1.13582,0.809691,0.797854,3.96343,0.432324,0.713277,0.372519,0.881458,0.811151,1.96263,0.355524,1.00382,0.676378,0.714199,0.333331,0.806037,0.733768,0.605906,1.31256,1.16877,0.542213,0.368194,0.933286,0.26969,0.928985,1.76752,0.303432,2.66457,0.74636,0.813299,2.29419,1.11311,0.574075,2.04711,0.794011,0.504281,0.786631,2.18576,0.720387,0.669504,1.65064,0.718685,0.671984,0.489621,1.70686,1.54318,2.54581,0.748593,2.51364,2.20401,1.95384,1.48334,1.17869,1.33234,0.950934,0.39863,0.302985,2.76819,0.574399,1.26851,1.14563,0.916682,1.12256,0.53653,2.09757,2.29726,1.41014,0.20565,0.297394,0.824968,2.16628,12.5992,0.592517,0.611608,1.53877,1.17584,3.22808,0.727665,0.656994,1.99633,0.522861,1.34613,2.25905,1.13327,0.726402,1.22136,0.491276,0.645752,0.803107,0.365431,1.09664,0.769975,0.270409,0.59968,0.129108,0.263548,0.311139,0.756633,0.399205,0.62527,1.24816,0.90842,0.571046,0.583347,0.601118,0.621979,0.559236,0.41206,0.539878,1.15196,1.07765,0.504727,1.14242,0.318728,0.751666,0.718013,0.436805,0.43008,0.691983,0.785831,1.86687,0.492242,0.878344,0.13594,0.398351,0.408208,1.06739,1.17624,0.539505,0.809915,1.17339,1.50646,0.95968,1.24732,1.32935,1.31376,0.370294,1.4787,0.127073,0.634118,1.40647,0.419763,0.331008,0.194752,1.08935,0.330489,0.548586,0.866015,0.642492,0.547004,0.824607,0.620714,0.724144,1.0085,2.72701,1.59256,1.33189,1.49127,1.21295,0.815882,0.969575,0.894536,0.189699,0.764891,1.09804,0.665357,0.27983,0.450994,0.358646,0.323267,0.808167,0.149575,0.658397,0.443362,0.635957,0.747369,3.71118,1.06168,0.645962,0.69439,0.866814,0.811284,0.982042,0.746867,0.89206,0.439648,3.09351,0.55752,0.454913,2.61972,0.882449,1.04545,0.428855,1.57127,0.449078,0.411558,1.48574,0.97626,0.408517,0.403446,0.464353,1.87806,0.467891,0.975211,1.52941,0.971546,1.96285,0.945026,0.405068,0.963274,0.89755,1.03246,0.234222,2.84998,0.485264,0.561159,0.916404,0.475449,0.827974,0.517671,0.881685,0.548661,0.240838,0.583065,0.654777,1.66956,0.758485,2.54711,1.83123,0.461741,0.885279,0.434948,0.4861,0.518663,1.69817,0.360694,0.423675,1.29897,1.62913,0.353743,0.675737,2.64422,0.855033,1.66752,0.823103,0.45447,0.588565
Middle : MRE between noise and true:
22.6329,17.7477,15.57,11.8506,34.4003,33.0915,30.3231,28.2,8.86316,6.44397,11.6011,10.4903,8.86888,11.3797,9.7862,6.46145,5.88632,6.66101,8.27301,16.863,18.7159,20.2057,18.8034,19.1411,11.2515,19.7123,18.4576,8.59703,10.3191,18.5584,16.5665,15.9752,16.0437,16.9697,16.0403,10.6862,7.70359,35.9009,13.7051,12.6123,13.907,12.2011,10.3801,29.7214,30.2864,32.8069,20.8643,19.2516,38.8568,38.8267,20.3513,20.7758,21.0234,30.3991,37.8304,35.8707,35.7601,19.0674,13.7825,12.6316,35.8685,32.8822,40.0308,38.3427,38.2984,38.7068,29.8683,27.3432,9.02421,9.16253,12.7963,10.1046,10.5552,10.4452,9.62917,8.19661,6.24955,7.24868,6.36491,9.41376,10.3227,8.93571,22.6379,23.0328,22.8934,21.6098,9.08888,7.3268,22.8902,9.29076,25.6467,27.5467,10.267,11.1781,11.8687,10.7101,12.6191,11.1718,10.0401,11.277,11.4144,11.1803,8.43281,12.0954,32.2945,8.11215,5.3282,5.70398,7.67504,7.13336,14.1233,13.4758,10.4521,10.1427,23.522,22.1208,21.9024,21.0217,20.1749,25.2357,12.6551,32.5576,17.4042,14.7641,17.0839,16.2907,15.2499,11.9707,19.8178,21.4124,15.2125,16.3436,16.7174,20.3013,19.4758,20.0075,9.36368,17.0821,14.8915,14.8434,20.9713,19.3565,19.2284,29.1716,22.4429,16.3251,14.6062,13.4943,13.5232,17.6711,21.6682,17.6787,17.4286,18.7189,19.2065,20.1717,20.1282,18.3273,17.5498,18.1313,20.4765,19.3392,14.5484,15.016,12.7287,15.5284,13.7277,13.7403,15.0148,22.9774,20.5325,12.6433,14.5972,22.7854,23.4265,19.4807,19.507,20.8244,22.2057,24.4135,27.3677,27.4017,26.9871,25.9063,25.7815,28.1185,27.5154,12.3158,14.9625,23.4534,50.9054,48.0843,20.5352,23.4808,20.9965,22.5518,24.0781,45.8796,19.9871,19.673,25.9222,51.2916,36.7461,12.3472,17.9621,20.2053,15.3875,15.7965,16.5101,29.0527,30.6663,29.4984,30.4804,28.3196,28.4638,24.7287,28.8378,32.5619,30.6684,21.0568,23.2639,23.281,23.887,26.9602,20.1759,25.0096,23.6364,27.4412,27.1962,27.8685,23.2009,23.1152,24.8675,26.2226,21.6736,15.9594,16.7163,19.6759,27.4989,22.3238,29.9651,9.79393,11.2271,29.0558,29.0934,8.10465,10.0982,12.1169,11.8965,9.60967,14.6567,18.4512,20.5055,22.9757,11.5525,15.3008,16.8413,29.8148,28.51,31.7429,14.799,15.0307,17.5338,16.6565,13.8513,13.7402,13.4454,13.5404,13.9592,17.0486,10.9418,9.0068,14.6695,11.995,10.694,15.2119,15.2045,14.1137,13.63,12.2049,19.6277,34.4852,31.754,29.3662,33.0698,21.1831,22.5804,18.4195,17.2178,17.5356,15.3321,15.8996,15.881,18.3673,16.9563,13.9935,37.4669,37.1484,31.0418,30.4494,26.7395,15.6957,15.2836,20.9861,12.6622,13.4609,11.9796,11.8958,12.0687,12.4701,11.4841,13.3766,11.1994,10.4071,10.3539,11.15,10.6281,19.3028,17.1946,17.8398,24.6108,20.5869,17.5008,13.1478,23.867,16.793,17.7266,20.5689,21.8041,20.9283,24.5828,24.0663,21.3069,20.2738,21.7879,21.5753,25.7152,23.1852,17.4353,17.7277,19.6663,18.1813,13.9868,14.6388,14.7369,13.9853,13.1937,13.8778,12.888,13.1771,12.4067,12.739,11.7368,11.7172,12.0889,13.595,18.55,11.9152,13.7736,15.1592,16.6068,16.6919,15.9059,14.2383,13.004,13.6478,12.8143,19.381,25.3333,18.8707,21.8279,20.1113,18.7788,19.0045,18.6156,15.3748,7.80468,11.7006,10.698,11.1248,12.8385,18.747,18.4758,18.5706,18.321,20.3915,19.1106,14.3484,12.7311,14.973,13.1672,11.739,42.5736,40.8115,38.0779,36.5146,13.4466,18.4924,17.0578,16.7208
Low : MRE between noise and true:
137.289,166.237,234.745,240.956,240.956,240.418,225.612,225.483,196.573,552.951,553.171,553.685,533.336,72.2883,71.2198,81.3239,217.84,234.116,217.233,176.205,180.043,165.266,177.612,177.196,125.975,125.981,136.836,89.4882,95.8089,213.436,166.761,183.249,176.554,136.046,118.836,186.015,193.675,72.9978,538.251,532.489,565.001,152.21,151.925,151.39,204.23,221.747,269.565,206.092,274.034,261.682,258.01,238.772,244.521,81.7191,196.2,214.897,227.407,205.242,205.485,104.396,99.4663,142.617,146.276,142.169,164.53,151.395,140.902,154.043,189.059,189.387,192.304,197.301,191.81,248.279,401.65,215.91,203.502,183.018,183.191,259.36,256.105,256.105,256.703,256.703,259.68,256.493,651.723,647.701,703.652,695.991,639.955,639.955,639.955,639.955,639.955,300.54,282.591,279.385,277.72,278.194,181.071,209.749,191.251,228.191,300.707,273.618,281.345,271.598,287.067,273.306,283.706,263.695,181.479,188.85,170.625,173.847,163.055,181.538,156.798,141.563,157.991,341.813,481.575,272.757,151.744,238.935,292.909,289.464,291.477,301.927,311.259,319.344,328.454,233.069,246.163,204.31,208.008,210.953,205.281,203.522,215.072,214.068,182,194.084,107.056,98.5794,102.289,84.8772,90.1171,135.916,141.726,133.101,131.294,136.696,295.747,285.387,295.104,297.442,311.786,184.827,199.772,153.757,154.907,143.499,124.248,89.868,90.2303,81.8985,81.8985,96.9212,108.366,133.306,132.175,139.618,126.8,142.469,155.946,162.823,140.122,133.65,128.352,130.188,152.092,190.77,194.98,330.044,572.76,324.056,324.167,313.445,259.31,368.401,336.709,244.637,316.353,344.014,364.108,368.197,259.554,260.187,273.891,255.318,163.551,134.496,597.54,593.043,567.293,582.408,576.418,241.836,244.54,244.156,186.483,181.475,137.579,228.685,203.78,152.105,158.957,160.188,175.085,206.029,156.311,175.767,109.5,140.638,126.276,276.022,273.456,290.359,290.816,344.335,506.291,264.019,268.305,268.492,283.63,292.144,348.768,382.285,374.17,387.202,291.13,292.214,271.476,232.521,186.662,188.984,149.283,148.317,112.97,112.902,116.011,131.917,112.107,120.135,157.525,147.517,172.135,213.782,256.564,277.1,267.397,268.63,261.985,247.224,356.559,377.216,346.082,200.86,66.0628,77.0158,99.4792,100.626,103.021,149.324,180.229,162.828,109.406,107.936,107.974,170.371,576.205,567.964,599.66,610.511,537.94,531.484,143.793,162.664,121.896,134.187,141.29,145.767,153.159,136.505,130.826,125.205,124.158,121.322,109.659,96.6274,94.8847,245.429,380.237,340.738,330.38,221.232,135.949,161.699,204.345,267.895,272.987,286.85,263.735,262.425,255.263,228.216,213.078,143.965,166.021,155.423,171.503,264.46,398.654,430.706,165.299,127.026,122.873,114.404,140.783,110.885,101.469,96.1494,86.2645,82.4194,145.125,168.664,181.895,177.381,209.194,258.399,210.678,175.082,192.997,211.83,201.457,197.568,152.678,152.744,212.261,141.149,164.527,179.941,179.941,147.494,123.164,137.282,124.484,124.696,108.642,104.829,100.484,100.596,80.5418,96.4742,91.1102,173.497,129.089,130.249,121.616,128.662,125.06,97.5136,88.5421,74.2757,68.5441,85.3011,145.334,144.111,183.948,186.51,201.532,195.861,151.036,151.535,126.759,121.518,86.3615,128.718,163.588,145.83,182.069,184.995,191.23,142.669,136.071,131.229,211.372,167.443
sum : MRE between noise and true:
53.3793,62.3864,83.7372,84.4189,92.1211,91.3801,85.5148,84.7278,69.1231,186.727,188.459,188.54,180.851,28.0542,27.2575,29.5018,75.584,80.9621,75.4056,64.6737,66.5391,62.2738,65.6953,65.7232,45.849,48.8703,52.1316,32.9447,35.4978,77.5146,61.4821,66.5462,64.4702,51.1294,45.1767,65.7524,67.2411,36.5827,184.92,181.912,193.46,55.6556,54.9066,60.6673,78.4359,85.1471,96.9702,75.4903,104.755,100.749,92.9481,86.7612,88.6273,37.8661,78.2686,83.7245,88.0824,75.078,73.2392,39.2081,45.4987,58.8748,62.295,60.9356,68.7355,63.6183,57.2187,61.1014,66.6726,67.2016,68.7381,69.2844,67.6369,86.5908,138.269,75.0939,70.5575,63.8691,63.8351,89.7211,89.0639,88.5388,93.2529,93.8064,94.9057,93.0939,220.475,218.542,242.442,235.325,222.372,223.082,217.147,217.305,217.476,104.376,98.5448,97.182,96.4128,96.8488,64.9207,74.0291,67.1788,80.5098,111.266,94.1422,95.6919,93.1497,98.4011,94.0174,99.5212,92.502,64.2068,66.6521,64.8641,65.4831,62.0083,67.7489,59.326,55.9783,57.275,125.037,166.668,96.0641,56.8429,85.4606,103.319,100.676,103.863,108.023,109.222,112.203,115.627,84.7399,88.658,75.0739,72.714,76.1381,73.9919,73.0597,78.8719,78.4099,67.511,74.6885,43.3608,38.4655,39.4452,32.9421,34.9218,51.4988,54.8135,50.9671,49.7477,52.1836,105.254,102.119,106.399,105.4,110.016,67.7769,73.71,57.9693,57.1393,52.957,45.9936,35.3576,34.8907,31.9907,32.5731,40.2108,43.1681,49.0873,49.3135,54.3153,50.1982,54.2943,58.5742,61.5254,54.6984,52.7889,52.7947,52.7788,59.9643,72.9902,73.9581,119.579,200.774,112.389,113.211,112.562,104.134,139.069,119.305,89.9229,112.689,122.413,129.559,138.594,93.6949,94.1353,100.187,103.041,67.5004,49.599,205.662,204.809,194.671,199.718,197.775,90.3972,92.6582,91.4097,72.7438,70.3135,55.6533,84.8454,77.718,62.2548,63.9742,60.885,66.1849,76.5356,60.341,68.2978,47.4249,55.4134,50.1748,101.667,100.609,107.152,104.915,122.702,177.718,96.9214,97.1081,95.57,100.493,104.182,125.829,135.033,134.927,132.6,100.908,107.456,100.446,80.2986,65.7866,67.0765,53.8144,52.746,42.7943,43.9174,45.7139,52.0469,41.5227,45.3355,58.3165,59.3109,67.089,82.028,90.5919,97.5569,95.361,95.4547,92.1136,87.3688,123.441,130.503,120.253,72.7818,25.8115,28.9049,38.3115,38.1627,38.0692,55.138,65.1897,59.1132,41.1481,40.4027,42.9259,68.4653,202.923,199.501,211.412,210.885,187.256,183.744,54.1082,60.19,46.2356,50.0711,52.6016,55.1801,56.8451,50.2766,56.1625,54.4808,51.8435,50.7732,45.7549,37.6552,36.9051,89.08,131.173,118.308,114.456,78.6183,49.8702,58.5002,72.4401,94.1615,95.0009,99.4088,91.6613,91.2548,88.8852,82.8724,76.9793,54.0281,63.6944,58.7895,63.1092,92.8054,140.89,149.386,61.1562,49.4104,48.4748,46.3478,55.4758,45.1992,41.1569,39.0967,36.2879,34.9922,57.1958,64.247,66.59,66.0675,76.4726,92.345,75.7616,63.5343,69.5932,75.4148,72.0739,70.6318,55.3258,55.8022,75.2148,51.4323,58.8891,64.041,64.6361,53.8522,47.5632,50.2423,46.4097,47.2727,42.0646,40.642,39.1178,38.5772,31.5261,36.7854,35.5915,64.4544,51.6612,50.0119,47.9732,49.8672,48.1187,39.1333,35.9021,29.9638,25.644,32.5522,52.5672,51.9982,66.4447,69.0295,73.4898,71.7724,56.5974,57.4707,48.796,45.8549,33.1511,48.0384,59.3515,53.0661,74.9988,75.494,77.3173,60.0129,50.395,50.1816,76.2948,61.5843
High : MRE between noise and cm:
0.0185719,0.0254018,0.0198732,0.023425,0.0203342,0.0205167,0.0748101,0.0715157,0.0656807,0.0814919,0.0808227,0.0551803,0.0789768,0.0817372,0.0819164,0.101465,0.0867403,0.0978852,0.139634,0.148772,0.0951267,0.190301,0.0661767,0.0439342,0.0500589,0.0803892,0.0862532,0.198594,0.0989849,0.131772,0.105972,0.10024,0.0926621,0.0929674,0.0926428,0.11332,0.162113,0.12809,0.16539,0.197589,0.127048,0.189633,0.0790266,0.0875525,0.0842082,0.294891,0.176521,0.108323,0.404523,0.131345,0.222583,0.143482,0.275562,0.146851,0.114837,0.174048,0.111004,0.181743,0.208074,0.200458,0.353991,0.167576,0.144335,0.140933,0.202218,0.178621,0.257349,0.281427,0.175775,0.312112,0.388736,0.158234,0.211106,0.1456,0.245885,0.188473,0.201011,0.3108,0.354352,0.684333,0.492907,0.115082,0.128122,0.450212,0.272626,0.136107,0.5366,0.235697,0.681914,0.620368,1.12727,0.123542,0.23814,0.183003,0.196897,0.567325,0.639801,0.236679,0.207479,0.696066,0.162279,0.140319,0.306969,0.26995,0.195945,0.288075,0.169601,0.280718,0.277398,0.468739,0.400979,0.275537,0.198203,1.68679,0.221939,0.408397,0.654782,0.204766,0.229896,0.316362,4.74314,0.68631,0.241907,0.160074,5.2609,0.45323,inf,0.326817,0.490252,2.58006,2.86515,4.87412,0.221711,inf,3.71309,0.380031,0.238852,0.408912,0.264771,9.64142,0.228121,6.42898,0.472969,3.83631,0.443271,0.40612,inf,0.406274,0.763207,0.389611,1.21221,0.397896,0.498245,0.361732,inf,0.887677,0.374201,4.52524,2.64404,0.390327,0.718441,0.48097,0.199362,2.08736,2.16179,0.289121,inf,0.750023,inf,1.16581,7.25003,1.11486,2.62725,inf,0.390657,inf,5.1187,inf,0.310924,0.723393,0.505189,0.485198,1.61381,0.928204,5.17766,0.380847,inf,0.754945,inf,0.585213,14.6994,1.1278,0.237433,1.06066,0.89849,3.72938,inf,0.255775,inf,0.396215,5.91892,2.95666,2.81764,0.65677,0.675635,1.84507,1.36862,inf,inf,0.573408,4.30172,0.552986,inf,7.15021,inf,5.51772,inf,0.370692,6.49956,inf,0.169571,0.648161,0.770035,3.10278,inf,inf,inf,1.81991,0.288822,inf,0.370452,inf,inf,0.759621,3.20687,inf,5.0035,3.54176,7.21906,inf,0.450743,2.15632,4.85674,inf,inf,0.433806,3.82038,inf,inf,4.33951,inf,3.54614,1.52649,0.843537,3.52913,0.84355,2.31182,4.91195,10.0825,0.389421,3.89491,0.578594,1.43583,14.8343,2.41409,0.343405,inf,2.81838,inf,6.07589,inf,0.225115,11.2954,2.77371,0.421003,6.2338,3.6038,0.251295,6.68216,2.86574,0.312276,inf,12.2631,3.87724,1.49107,inf,0.33093,3.81106,8.79368,inf,0.313864,inf,0.357638,0.467549,14.8522,0.355884,5.55553,14.3564,0.492401,0.470423,inf,inf,15.6916,5.17456,inf,0.814782,inf,1.48172,7.82354,4.16944,0.574437,0.329301,0.733873,0.52874,1.09625,0.503442,1.15084,0.380221,0.377723,1.00662,2.22361,15.2421,7.88614,9.5094,inf,inf,0.443457,4.40907,inf,inf,2.84786,0.524522,2.16665,0.275551,inf,1.16578,0.306247,inf,2.53261,2.36069,inf,0.306358,0.247385,2.84917,9.10426,inf,inf,2.97681,inf,inf,inf,6.68049,0.698917,inf,inf,14.2668,inf,inf,7.80081,3.55334,0.630235,3.10655,6.57548,3.79513,inf,0.693674,inf,inf,inf,1.39849,16.0156,0.239502,inf,inf,4.50682,inf,7.41566,inf,3.03424,0.394067,2.1144,2.99908,inf,0.384846,1.6164,0.54799,1.33535,7.61277,inf,1.67644,0.416413,inf,inf,inf,4.15746,3.24123,inf,3.37938,inf,inf
Middle : MRE between noise and cm:
0.235916,0.227237,0.233134,0.270087,0.205877,0.191312,0.25001,0.296793,0.260209,0.359162,0.348266,0.348107,0.328101,0.29756,0.305293,0.456612,0.455617,0.433631,0.637683,0.587053,0.205102,0.200699,0.207168,0.20208,0.227885,0.197238,0.240694,0.247452,0.250457,0.306363,0.326141,0.335116,0.357417,0.293554,0.343603,0.470707,0.441664,0.387642,0.540187,0.58688,0.256305,0.258402,0.255656,0.305228,0.317742,0.292618,0.27659,0.280263,0.286799,0.292012,0.287917,0.271089,0.274031,0.294565,0.269265,0.317629,0.305985,0.299471,0.580932,0.489689,0.300642,0.292612,0.30809,0.327111,0.340386,0.345428,0.354672,0.329643,0.291253,0.292813,0.369467,0.373206,0.321922,0.354134,0.356293,0.296638,0.302514,0.309547,0.557242,0.532063,0.332818,0.333866,0.297043,0.289012,0.259036,0.284022,0.311901,0.308797,0.270744,0.300722,0.352096,0.31002,0.4438,0.34606,0.289582,inf,inf,inf,inf,inf,inf,inf,inf,inf,0.378942,0.384843,0.554389,0.574491,0.419439,0.489915,0.382101,0.320911,0.398667,0.351581,0.341886,0.462017,0.482851,0.414627,0.477661,0.545295,0.333182,0.319576,0.345146,0.353187,0.36565,0.389314,0.454194,0.432592,0.400304,0.45345,0.506583,0.503711,0.507541,0.507025,0.665793,0.87888,0.508752,0.457058,0.593687,0.565919,0.317146,0.359662,0.38574,0.324031,0.381465,0.52699,0.513591,0.566564,0.558285,0.559582,0.5553,0.541709,0.47639,0.451137,0.449979,0.491488,0.518576,0.523151,0.701928,0.765251,0.528584,0.680132,0.875551,0.896504,0.900668,0.900355,0.83333,0.702377,0.687466,0.681752,0.806365,0.525163,0.573077,0.55929,0.645728,0.774053,0.74303,0.79395,0.71323,0.695519,0.712119,0.703909,0.706759,0.710177,0.69775,0.689367,0.673926,0.863146,0.987929,0.916058,0.762952,0.768175,0.946561,0.78285,0.840919,1.00089,0.547943,0.558541,0.781529,0.780562,0.446704,0.433115,0.766861,0.958251,0.769992,0.910647,0.996426,1.01453,1.01412,0.749933,0.615373,0.839634,0.868607,0.897095,0.870988,0.792285,0.759411,0.71137,1.01185,1.05136,0.778968,0.778694,0.750882,0.729191,0.727902,0.720723,0.769653,0.647263,0.584024,0.62861,0.71177,0.715272,0.676582,0.589896,0.591578,0.66529,0.632051,0.949004,1.93787,2.06742,1.5301,0.767652,0.773225,0.552577,0.559218,0.638468,0.670271,0.763519,0.57284,0.789458,1.08977,1.4424,1.30325,0.960269,0.89644,0.957594,0.756574,0.732231,1.51957,0.675636,1.75139,1.86625,1.83379,1.78699,1.81823,1.82468,1.76229,1.76093,0.580223,1.7903,0.509271,0.968727,1.00958,1.4807,1.41295,1.36191,1.2653,1.32552,1.2209,1.02898,1.0304,0.556825,0.649569,0.645281,inf,1.07382,1.27058,1.28755,1.32525,1.41088,inf,inf,inf,inf,inf,inf,1.78267,1.5707,inf,inf,inf,inf,inf,0.99636,0.770333,1.69921,2.29129,2.39948,2.43516,2.61286,2.55685,1.52957,1.53926,1.52362,1.54115,1.5786,inf,inf,0.696391,2.00694,0.773117,1.63817,1.13847,1.31234,0.975086,0.984333,1.00119,0.620874,0.662164,0.682034,0.629808,0.651884,0.693189,1.18552,inf,inf,inf,inf,inf,inf,inf,1.0749,1.044,1.08336,1.07426,1.13291,1.14711,1.05327,0.524207,0.542878,0.521562,0.491487,0.622853,inf,inf,inf,inf,inf,0.915914,0.905811,0.801701,1.24134,0.753955,0.769035,0.781509,2.04834,2.10019,inf,0.853204,1.08099,1.04628,1.10148,1.02602,0.695826,inf,inf,inf,inf,inf,inf,inf,inf,inf,inf,inf,inf,inf,inf,0.491689,inf,0.572265,0.822067,0.639271,0.619927,0.518958,inf,0.546833,inf,inf,inf
Low : MRE between noise and cm:
1.82897,inf,inf,inf,inf,inf,inf,1.30046,1.30764,inf,inf,inf,inf,inf,inf,inf,inf,inf,inf,inf,inf,inf,inf,inf,inf,inf,inf,inf,inf,inf,inf,inf,inf,inf,inf,inf,inf,inf,inf,inf,inf,inf,inf,inf,inf,inf,inf,inf,inf,inf,inf,inf,inf,inf,2.75135,inf,inf,inf,inf,inf,inf,inf,inf,inf,inf,inf,inf,inf,inf,inf,inf,inf,inf,inf,1.38227,inf,inf,inf,inf,inf,inf,inf,inf,inf,inf,inf,inf,inf,inf,inf,inf,inf,inf,inf,inf,inf,inf,inf,inf,inf,inf,inf,inf,inf,inf,inf,inf,inf,inf,inf,inf,inf,inf,inf,inf,inf,inf,inf,inf,inf,inf,inf,inf,inf,1.56256,inf,inf,inf,inf,inf,inf,inf,inf,inf,inf,inf,inf,inf,inf,inf,inf,inf,inf,inf,inf,inf,inf,inf,inf,inf,inf,inf,inf,inf,inf,inf,inf,inf,inf,inf,inf,inf,inf,inf,inf,inf,inf,inf,inf,inf,inf,inf,inf,inf,inf,inf,inf,inf,inf,inf,inf,inf,inf,inf,inf,inf,inf,inf,inf,inf,inf,inf,inf,inf,inf,inf,inf,inf,inf,inf,inf,inf,inf,inf,inf,inf,inf,inf,inf,inf,inf,inf,inf,inf,inf,inf,inf,inf,inf,inf,inf,inf,inf,inf,inf,inf,inf,inf,inf,inf,inf,inf,inf,inf,inf,inf,inf,inf,inf,inf,inf,inf,inf,inf,inf,inf,inf,inf,inf,inf,inf,inf,inf,inf,inf,inf,inf,inf,inf,inf,inf,inf,inf,inf,inf,inf,inf,inf,inf,inf,inf,inf,inf,inf,inf,inf,inf,inf,inf,inf,inf,inf,inf,inf,inf,inf,inf,inf,inf,inf,inf,inf,inf,inf,inf,inf,inf,inf,inf,inf,inf,inf,inf,inf,inf,inf,inf,inf,inf,inf,inf,inf,inf,inf,inf,inf,inf,inf,inf,inf,inf,inf,inf,inf,inf,inf,inf,inf,inf,inf,inf,inf,inf,inf,inf,inf,inf,inf,inf,inf,inf,inf,inf,inf,inf,inf,4.59623,4.61479,4.53204,4.54061,1.30537,inf,inf,inf,inf,inf,inf,inf,inf,inf,inf,inf,inf,inf,inf,inf,inf,inf,inf,inf,inf,inf,inf,inf,inf,inf,inf,inf,inf,inf,inf,inf,inf,inf,inf,inf,inf,inf,inf,inf,inf,inf,inf,inf,inf,inf,inf,inf,inf,inf
sum : MRE between noise and cm:
0.694486,inf,inf,inf,inf,inf,inf,0.556258,0.544509,inf,inf,inf,inf,inf,inf,inf,inf,inf,inf,inf,inf,inf,inf,inf,inf,inf,inf,inf,inf,inf,inf,inf,inf,inf,inf,inf,inf,inf,inf,inf,inf,inf,inf,inf,inf,inf,inf,inf,inf,inf,inf,inf,inf,inf,1.04515,inf,inf,inf,inf,inf,inf,inf,inf,inf,inf,inf,inf,inf,inf,inf,inf,inf,inf,inf,0.661483,inf,inf,inf,inf,inf,inf,inf,inf,inf,inf,inf,inf,inf,inf,inf,inf,inf,inf,inf,inf,inf,inf,inf,inf,inf,inf,inf,inf,inf,inf,inf,inf,inf,inf,inf,inf,inf,inf,inf,inf,inf,inf,inf,inf,inf,inf,inf,inf,inf,2.39637,inf,inf,inf,inf,inf,inf,inf,inf,inf,inf,inf,inf,inf,inf,inf,inf,inf,inf,inf,inf,inf,inf,inf,inf,inf,inf,inf,inf,inf,inf,inf,inf,inf,inf,inf,inf,inf,inf,inf,inf,inf,inf,inf,inf,inf,inf,inf,inf,inf,inf,inf,inf,inf,inf,inf,inf,inf,inf,inf,inf,inf,inf,inf,inf,inf,inf,inf,inf,inf,inf,inf,inf,inf,inf,inf,inf,inf,inf,inf,inf,inf,inf,inf,inf,inf,inf,inf,inf,inf,inf,inf,inf,inf,inf,inf,inf,inf,inf,inf,inf,inf,inf,inf,inf,inf,inf,inf,inf,inf,inf,inf,inf,inf,inf,inf,inf,inf,inf,inf,inf,inf,inf,inf,inf,inf,inf,inf,inf,inf,inf,inf,inf,inf,inf,inf,inf,inf,inf,inf,inf,inf,inf,inf,inf,inf,inf,inf,inf,inf,inf,inf,inf,inf,inf,inf,inf,inf,inf,inf,inf,inf,inf,inf,inf,inf,inf,inf,inf,inf,inf,inf,inf,inf,inf,inf,inf,inf,inf,inf,inf,inf,inf,inf,inf,inf,inf,inf,inf,inf,inf,inf,inf,inf,inf,inf,inf,inf,inf,inf,inf,inf,inf,inf,inf,inf,inf,inf,inf,inf,inf,inf,inf,inf,inf,inf,inf,inf,inf,inf,inf,inf,inf,2.88162,inf,inf,inf,inf,inf,inf,inf,inf,inf,inf,inf,inf,inf,inf,inf,inf,inf,inf,inf,inf,inf,inf,inf,inf,inf,inf,inf,inf,inf,inf,inf,inf,inf,inf,inf,inf,inf,inf,inf,inf,inf,inf,inf,inf,inf,inf,inf,inf,inf,inf,inf,inf
High:MRE between cm and true:
0.215569,3.17377,0.89537,0.439873,1.00829,0.632769,0.633075,0.551303,2.06335,0.836827,0.653709,1.54229,0.396413,0.54129,0.832195,0.829863,3.36667,2.35203,0.876661,1.06575,0.889401,1.34307,0.712021,0.832776,0.33598,0.959698,1.2094,0.820162,0.415856,0.702598,1.31863,0.497123,0.908324,0.456192,0.709482,0.658001,0.432714,1.02789,3.17811,0.780509,1.5915,2.51746,2.32269,1.03865,0.820102,1.01778,0.647638,1.30933,1.73508,2.14736,0.586972,1.00431,0.453038,1.77573,0.861817,0.501031,1.17622,1.15774,0.60166,0.755868,1.06166,1.24341,0.688188,2.14132,3.5017,0.828805,0.823969,2.11015,2.51059,3.15139,1.29762,0.630582,0.674291,1.20325,4.07389,1.49572,2.31501,1.39919,2.52281,0.637975,1.17786,0.725172,0.478257,1.8964,2.58585,1.36219,0.944823,0.953159,1.01715,0.818991,1.87837,1.98368,1.87004,0.986033,0.839441,2.64982,0.621891,1.33783,1.89921,1.61773,2.34639,1.47186,2.09832,1.33575,0.867256,0.760369,0.623688,2.96465,0.746936,2.06072,0.950905,0.641127,0.918989,1.56844,0.935429,0.635859,1.1641,0.943649,1.39721,1.06733,1.50263,0.932696,1.21706,0.743012,1.46389,1.59801,2.13459,1.02054,1.39832,1.10682,1.47325,1.20216,2.14235,1.51036,1.3798,1.41917,0.985687,0.533242,2.56459,1.32154,1.26474,1.74038,1.85347,0.759678,0.917529,0.798104,1.81793,0.556846,1.78869,1.55485,1.0073,1.79802,0.87189,1.52752,0.961886,1.06102,3.95617,0.896302,1.2129,0.583101,1.29724,1.11591,2.27932,0.618819,1.27369,0.981689,1.31538,1.09695,1.20143,1.02877,0.801674,2.06359,1.72004,0.848,0.870416,1.25513,0.392314,1.64629,2.39239,0.459395,2.70764,1.13327,0.723075,2.70374,1.40814,1.30306,2.85771,1.35402,1.00188,1.35852,2.32722,0.783838,0.977978,2.07574,0.645434,0.840735,2.08718,1.73356,1.75264,3.01307,0.841458,2.80598,2.27772,2.04951,1.13597,1.30299,0.95486,1.14737,0.550741,0.492043,3.17836,0.585266,1.91889,1.38206,1.23061,1.26702,1.61085,1.94989,2.44053,1.73799,0.444943,0.405318,1.0168,2.4131,11.8465,1.04613,0.752479,1.90788,1.78758,3.25522,0.687028,1.06578,3.05156,0.689971,1.62835,4.16785,1.12924,1.20193,1.12391,0.645637,0.807711,0.946237,0.4307,1.79971,0.840189,0.378987,0.846916,1.19844,0.373408,0.480164,0.90529,0.728685,0.836545,1.31933,1.07595,0.96722,0.981101,0.823305,0.986331,0.752123,0.475809,0.656299,1.21351,1.03505,1.05094,1.16492,0.49929,1.12327,1.00656,0.90864,0.660466,1.04662,1.15877,1.96159,0.740545,1.10226,0.375119,0.640622,0.558292,1.03921,1.05859,1.3228,0.946998,1.34989,1.84432,1.03996,1.34329,1.58961,1.32887,0.547178,1.76898,0.335968,0.957209,1.23186,0.592622,0.501255,0.365212,1.21852,0.411371,0.806758,1.46716,0.603095,0.600549,4.54163,0.885597,0.849056,1.19493,2.76231,1.73059,2.09782,2.09462,1.39877,1.29722,1.21304,0.992916,0.362557,0.980537,1.62725,0.797386,0.617649,1.08391,0.71719,0.508414,0.990525,0.619962,0.766199,0.539268,0.871134,0.925891,3.51673,1.29679,0.751699,1.35838,1.19246,1.02899,1.2259,0.883143,1.68666,6.02757,2.95362,0.799485,0.522511,2.28963,1.28765,1.15565,0.640068,1.72663,1.0981,0.677745,1.34109,1.13895,0.845111,0.529364,0.650812,1.66417,0.673321,1.78114,1.45825,1.09664,2.18118,1.23402,0.501837,1.28475,1.17934,0.987117,0.494826,2.43314,1.71495,0.48147,1.75899,0.922915,0.70484,0.903351,7.68238,0.776008,0.544469,1.18402,8.70078,1.59451,0.905076,2.37183,1.99901,0.85829,0.84952,0.907439,0.579224,0.881748,1.93774,1.00217,1.0321,1.45542,2.30313,0.69583,0.959207,1.67007,1.58622,1.7757,1.28646,0.877528,1.41154
Middle:MRE between cm and true:
22.55,17.6133,15.455,11.68,34.3767,33.0232,33.0604,30.7037,9.49,6.78308,12.1862,11.1169,9.55538,12.3708,10.6015,7.12615,6.51692,7.15692,9.38308,18.7185,18.8092,20.3308,19.0446,19.4123,11.0954,19.9569,19.9077,9.01231,11.0077,20.0092,17.9877,17.0646,17.2123,18.2188,17.1892,11.5529,8.44397,40.7517,15.6902,14.4522,14.364,12.5825,10.7885,31.5635,32.1045,34.4186,22.4565,21.2085,43.8756,43.8711,22.3367,22.9233,24.86,34.025,40.5033,39.515,39.215,22.35,16.8641,15.6595,37.7874,34.766,40.4233,38.7579,38.6446,39.2744,32.0728,29.055,9.25679,9.45859,12.98,9.83692,10.4684,11.849,11.1182,9.96956,8.16989,9.37978,6.53945,9.76374,9.70242,8.21132,22.7692,23.2015,23.1723,21.8785,9.81692,8.07538,24.1138,9.23692,26.984,29.2413,11.55,13.0555,13.9788,12.6355,14.9044,12.8919,11.6851,12.9582,11.6667,13.3991,8.94051,13.3544,34.6833,8.10818,5.99864,6.51727,8.21212,8.25485,16.2065,14.692,11.3033,10.7711,26.2045,25.0188,24.7861,23.4636,23.4255,32.3745,15.8873,33.5129,19.25,14.334,16.686,15.674,15.68,15.246,22.606,26.07,16.284,17.748,18.334,20.422,20.3764,20.3609,11.8333,20.004,18.2664,18.2776,22.9082,20.9022,20.0971,31.4,24.0711,17.0844,16.3511,14.2444,14.1911,20.0067,24.1333,18.8667,18.8022,19.1378,20.2244,21.4933,21.3422,19.4956,18.8222,19.5311,19.0311,20.9533,17.7844,17.6244,15.8044,16.4422,15.7444,15.9333,17.3556,26.5822,22.3392,14.5722,19.4933,28.0469,25.5133,22.6756,22.7511,23.7467,24.8289,27.7356,27.66,27.6889,27.4244,26.4178,26.1444,27.3289,28.3628,13.6861,16.3889,23.1136,40.7811,37.4558,20.6133,24.1878,21.6914,23.7311,27.0333,53.9689,25.8022,26.2022,28.2933,54.8444,37.96,12.5,17.7333,19.3681,16.4786,15.4883,16.7406,31.1147,33.3725,32.4461,33.8903,30.3694,30.4275,27.5675,32.0731,36.5386,35.1039,23.0661,22.6061,22.5111,24.8839,28.5769,25.085,29.42,32.565,35.0525,35.7542,33.9278,27.7317,27.7428,29.1206,30.5711,25.0878,19.2044,19.765,27.6398,30.3159,24.1423,27.8923,29.8283,31.16,49.7483,49.815,29.17,31.1867,11.8476,31.2249,8.915,11.7272,14.0687,17.3231,39.8586,11.0504,18.631,20.6456,31.725,35.5597,40.1977,12.5605,12.7408,14.7815,14.6492,16.34,15.8846,12.0062,16.6277,18.4215,15.3353,10.9505,14.6158,23.6438,20.6941,8.45462,12.4756,12.7818,22.3751,23.4123,12.2849,17.9317,31.2933,29.0667,26.5783,37.7671,28.6503,30.4195,26.435,25.0036,24.2753,18.9255,22.3367,22.3224,24.0401,24.314,15.9595,42.8296,42.8245,32.9444,32.4805,31.8462,19.1938,18.6369,22.5419,11.9923,12.2876,11.8785,10.8364,11.1885,12.0937,10.5865,18.68,11.3969,10.8123,10.8708,11.3431,10.72,25.9823,18.9336,18.6151,24.7524,20.1124,17.2309,13.7962,27.2955,19.4481,21.9092,30.5126,30.8629,29.9076,34.5723,34.0969,32.3764,31.624,32.9374,33.2232,40.5666,38.6595,26.307,26.5056,26.6463,22.4756,13.8354,13.6492,13.8615,13.48,13.4569,14.6954,12.4904,13.5467,12.506,13.2646,12.0138,10.046,11.3521,13.3581,22.764,12.4738,13.5969,14.8708,14.9877,15.1215,14.5769,13.0615,11.6262,11.8569,12.3708,28.6158,35.9383,18.4917,20.525,16.975,16.2233,16.335,23.7068,20.0165,8.33974,13.354,13.2483,11.6563,11.6544,18.2123,22.877,22.8621,18.2419,24.8129,24.8529,20.154,13.3586,14.0077,14.3291,13.862,32.946,33.7469,33.966,33.6538,16.186,20.586,20.0571,20.12
Low:MRE between cm and true:
136.12,165.36,233.72,239.64,239.64,239.24,239.52,239.7,208.7,586.6,586.62,587.44,565.34,75.04,73.8,90.7,237.2,254.86,240.84,191.58,176.94,161.84,174.32,174.16,121.48,121.4,139.12,91.92,99.58,211.64,160.7,178.26,171.26,144.46,125.88,203.22,210.44,76.46,597.12,591.74,569.38,150.58,150.02,149.64,196.82,218.1,249.26,183.7,249.12,249.52,242.12,216.92,223,84.64,209.6,237.36,242.28,225.84,233.78,120.7,103.5,137.7,133.22,128.68,154.9,141.66,132.5,136.96,179.34,178.16,183.7,189.68,185.42,245.18,412.94,240.14,225.16,203.74,204.64,264.84,236.64,236.64,236.68,237.12,239.86,214.32,523.6,523.18,654.56,647.36,620.58,620.58,620.58,620.58,620.58,351.34,338.72,334.26,339,339.6,192.38,222.74,203.08,233.18,293.42,264.72,293.6,282.14,308.62,292.86,300.34,277.4,171.94,184.46,165,168.74,153.26,172.74,151.22,145.1,142.06,345.12,450.26,232.04,141.18,194.22,268.7,273.36,273.66,285.74,293.32,302,307.78,251.86,283.4,232,242.26,236.88,233.78,234.4,229.96,229.06,198,210.38,97.42,77.7,92.86,72.8,79.98,132.08,145.1,156.76,149.34,154.28,344.48,340.74,355.76,360.94,384.04,220.82,212.08,165.66,160.28,144.6,123.84,86.88,92.52,78.84,78.84,109.58,123.92,153.38,157.82,163.44,147.92,163.56,181.86,189.48,164.36,155.36,123.08,118.52,145.06,156.66,154.56,261.22,421.26,277.96,278.26,262.82,231.82,355.48,341.78,254.56,313.58,333.04,357.02,360.62,234.3,242.38,231.82,209.64,136.74,109.32,582.98,579.12,589.66,612.16,612.96,281.2,286.48,284.96,211.76,211,165.08,251.88,211.42,157.98,150.98,150.88,152.58,168.76,126.54,140.68,78.16,104.52,103.7,264.84,262.5,267.94,269.88,307.82,496.62,296.56,302.68,308.72,330.1,313.64,335.48,361.4,318.78,330.7,280.14,266.14,242.88,195.92,160.48,160.52,135.7,128,95.3,94.1,95.48,112.88,93.6,104.14,157.34,161.2,183.24,237.62,246.24,253.96,255.54,256.28,241.4,223.68,362.62,390.02,356.64,216.56,64.56,68.7,95.52,96,98.74,138.18,168.62,153.88,113.38,118.28,105.12,165.28,591.66,582.3,610.82,620.38,568.86,569.92,143.8,173.28,131.78,133.88,139.54,152.64,157.76,129.66,125.96,117.66,121.5,117.14,90.68,80.88,70.32,230.94,353.72,319.08,352.56,242.6,120.98,141.02,218.2,358.56,364.44,380.06,372.86,382.7,378.7,339.4,307.56,157.66,159.26,148.56,166.34,284.6,418.32,448.8,171.18,117,117.06,113.24,137.24,105.68,95.18,89.2,74.52,73.86,113.76,126.78,132.82,129.1,144.52,198.82,163.38,125.46,159.78,179.6,181.08,179.7,139.74,140.06,168.2,143.24,159.82,174.48,174.48,140.9,120.92,107.74,102.04,160.06,131.78,127.84,127.82,128.22,126.94,86.92,87.8,160.68,144.6,133.26,153.34,159.88,154.64,143.2,134.86,112.88,111.38,117.04,174.12,129.76,142.5,145.4,165.52,205.24,187.96,188.8,192.04,180.84,124.86,164.28,113,117.86,165.92,166.9,150.2,116.74,107.82,102.16,197.82,166.16
sum:MRE between cm and true:
52.9619,62.049,83.3568,83.92,91.675,90.9653,91.0712,90.3183,73.4178,198.073,199.82,200.033,191.764,29.3174,28.4112,32.8853,82.3612,88.123,83.6999,70.4547,65.5462,61.1713,64.6922,64.8017,44.3038,47.4389,53.4124,33.9175,37.0012,77.4506,60.0021,65.2739,63.1269,54.3783,47.9262,71.8103,73.1056,39.4132,205.329,202.324,195.112,55.2267,54.3771,60.7474,76.5815,84.5121,90.7881,68.7393,98.2436,98.5128,88.3479,80.2825,82.771,40.1469,83.6551,92.4587,94.2237,83.1159,83.7486,45.7051,47.4497,57.9031,58.1105,56.5264,65.6821,60.5877,55.1323,56.0417,63.7025,63.59,65.9925,66.7158,65.5209,86.0774,142.711,83.8684,78.5483,71.5063,71.2341,91.7472,82.5068,81.8588,86.6425,87.406,88.5394,79.1869,178.121,177.403,226.564,219.139,216.481,217.268,211.333,211.541,211.799,122.208,118.082,116.163,117.528,118.059,68.7977,79.2037,71.3729,82.6234,109.657,91.1962,100.074,97.2073,105.86,101.059,105.832,97.5777,61.3874,65.5998,64.0467,64.7982,59.7367,65.7158,58.6809,59.514,53.15,126.522,156.909,82.3723,53.11,70.4973,95.5049,96.5422,99.2214,104.306,103.692,106.983,109.419,91.2641,101.719,84.5934,85.0263,85.8057,84.8703,84.6664,84.711,83.9009,73.3169,80.8466,40.8029,31.8608,37.0097,29.2004,31.9866,51.2138,56.7469,59.1416,56.338,58.3151,121.889,121.098,127.019,127.111,134.692,80.3114,77.4695,62.5764,60.1146,54.2811,46.9727,34.768,36.5266,31.9568,32.4657,45.7303,49.0203,56.6719,59.6778,64.1116,58.1012,62.4969,68.3345,71.6243,63.8604,61.185,51.1492,49.1141,57.7358,61.9272,60.7042,96.6173,150.827,97.6667,98.5503,95.764,91.6428,131.24,121.124,93.6078,111.972,119.204,128.714,138.774,87.285,90.5318,86.9849,89.0968,58.9926,41.2898,200.616,199.93,202.364,209.599,210.084,104.269,107.677,105.997,82.5231,80.9172,65.5794,93.5715,81.7013,65.4895,62.8415,58.5614,58.5437,63.8921,50.8136,57.2233,38.3638,44.9954,45.6725,100.6,100.014,101.708,99.4329,112.21,176.264,109.274,109.799,110.697,116.998,114.161,122.307,128.729,115.827,120.492,103.91,105.896,97.8451,75.1563,64.1712,57.8553,55.7661,45.7984,35.9775,36.2991,37.8799,51.3526,35.2421,41.2461,59.6556,64.5828,73.262,92.8566,86.4254,89.119,90.5117,90.6548,86.2636,80.2432,125.042,135.924,125.356,77.6013,25.3903,28.1208,40.1075,39.5519,35.9784,50.586,60.5923,58.9652,45.7835,43.868,41.3701,65.9654,207.225,203.409,216.81,216.69,200.208,199.315,56.7108,66.0341,50.8248,52.1842,54.2732,59.304,60.8889,48.7069,56.3849,53.901,51.6186,50.1424,41.3311,33.559,29.8525,86.0079,122.199,110.739,121.878,85.3996,44.633,51.7372,76.9604,126.213,125.711,130.695,128.241,131.469,130.134,122.337,109.097,58.9642,61.6988,56.4632,61.3598,99.7956,148.745,156.338,64.5428,49.4613,49.6162,48.8881,57.703,46.8429,42.9716,40.6721,36.1621,36.103,51.7366,55.7087,55.0515,52.8531,57.3219,73.9394,59.835,46.799,58.2657,64.5734,65.4212,65.1645,50.9694,51.6493,60.615,52.4499,57.4544,61.7256,62.4987,51.6438,48.4884,40.5574,38.9112,59.0373,49.3339,47.8211,47.8939,47.487,46.5178,33.0906,34.2013,63.6702,60.3399,51.1702,58.2626,59.1866,57.2556,55.7391,53.1143,44.4803,40.3013,46.3649,62.9876,47.4405,52.1754,55.2038,63.0851,76.3172,69.0364,71.3974,72.5915,67.6439,46.4069,59.7733,42.9282,44.675,66.5206,67.202,61.9454,50.66,41.9272,41.3442,72.9182,62.5638
